Name,Senti_scores
유소,0.9783481955528259
쇼슈,0.9770644307136536
슈케,0.9769771099090576
키큐,0.976845383644104
시슈,0.9762172102928162
교셔,0.9746286273002625
세쿄,0.973739743232727
교시,0.972052276134491
키이,0.9698702096939087
키토,0.9685094356536865
아쇼,0.9675964117050171
세오,0.9675374627113342
리큐,0.9649225473403931
코쎄,0.9629430174827576
소뇨,0.9622570872306824
그티,0.9615060091018677
코사,0.9607526659965515
소워,0.9596374034881592
툐교,0.9592896103858948
레규,0.9589269757270813
요요,0.9586520195007324
쳐시,0.9578469395637512
고피,0.9576793909072876
슈그,0.9557476043701172
게터,0.9555140733718872
커이,0.9554949998855591
소어,0.9548252820968628
셔토,0.9545891880989075
교기,0.9537861347198486
게기,0.9536496996879578
겨씨,0.9534394145011902
유수,0.952091634273529
코케,0.9514740109443665
커씨,0.9505289196968079
고아,0.9503902196884155
초숴,0.9498085975646973
겨제,0.9496848583221436
에겨,0.9495196342468262
게효,0.9486656188964844
쥬세,0.9484426379203796
그포,0.9484179615974426
태쏘,0.948018491268158
게켜,0.9469606280326843
토튜,0.9468819499015808
세켜,0.9460937976837158
토고,0.9459303617477417
큐쎄,0.9457096457481384
튜포,0.945636510848999
표포,0.9449233412742615
쇼휴,0.9447460770606995
헤쏘,0.9446224570274353
효슈,0.944494366645813
케으,0.9439281225204468
요수,0.9438762068748474
시겨,0.9434425234794617
애고,0.9433209300041199
겨뉴,0.943218469619751
게노,0.9431917667388916
녀슈,0.9429225921630859
어포,0.94236159324646
게조,0.942237138748169
궈교,0.9414641857147217
쿼슈,0.941019594669342
셔뇨,0.9408587217330933
겨효,0.9404363036155701
세호,0.9404007792472839
궈사,0.9402953386306763
소텨,0.9388996958732605
셔겨,0.9380881190299988
캐쿄,0.9377949833869934
숴트,0.9375888109207153
로쎄,0.9371013641357422
헤이,0.9367685914039612
저쿄,0.9364212155342102
캐고,0.9360813498497009
셔숴,0.9360753297805786
고파,0.9360159039497375
규와,0.9359517693519592
쵸새,0.9357848167419434
퓨켜,0.935636579990387
며규,0.9354712963104248
소캐,0.9352823495864868
애규,0.9351456165313721
세뵤,0.9350444078445435
뮤뉴,0.9348071813583374
뇨쇼,0.9342982172966003
조에,0.9342408180236816
쇼처,0.9339109659194946
류느,0.933840811252594
키겨,0.9338209629058838
거쥬,0.9334502220153809
초쓰,0.9318861365318298
크교,0.9318227171897888
규가,0.9316285252571106
요가,0.9313453435897827
뇨소,0.9312087893486023
풔유,0.9309978485107422
키숴,0.9301283359527588
와교,0.9299108982086182
뤄소,0.9298598766326904
셔츄,0.9298363327980042
쇼비,0.9296736717224121
가류,0.9294623732566833
고로,0.92905193567276
겨크,0.928724467754364
페에,0.9281385540962219
베키,0.9273980259895325
듀슈,0.9271202087402344
유파,0.9270487427711487
류지,0.9269628524780273
에긔,0.9262474179267883
거겨,0.9262189865112305
큐뇨,0.9259434938430786
뮤규,0.9247223734855652
토녀,0.9246280193328857
겨쒀,0.9243214130401611
채쑈,0.9241639971733093
크시,0.9241211414337158
머쇼,0.9238495826721191
죠으,0.9238142967224121
가기,0.9235104918479919
툐셔,0.9234805107116699
헤쿄,0.9231378436088562
쇼하,0.9225834012031555
쿄어,0.92197185754776
에와,0.9219375848770142
거와,0.9218783378601074
토느,0.9203112125396729
토페,0.9200543165206909
토애,0.9200507998466492
프쿄,0.9193639159202576
유투,0.918684184551239
춰표,0.9180812239646912
톼쏘,0.9175921082496643
궈퍼,0.9174652695655823
헤에,0.9171484112739563
풔쿄,0.9167924523353577
키처,0.916737973690033
포됴,0.9166020154953003
요츄,0.9163056015968323
뭐스,0.9160676002502441
숴커,0.9158346056938171
가워,0.9156681299209595
애코,0.9150789380073547
투소,0.91492760181427
뮤페,0.9145200252532959
으사,0.9142800569534302
커쒀,0.9133915305137634
퉈쑈,0.9133731126785278
타시,0.9131664037704468
쳐투,0.9128923416137695
텨기,0.912691593170166
뇨쎄,0.9126295447349548
뮤케,0.9126080274581909
패쇼,0.9125215411186218
모퓨,0.9125158786773682
펴쎄,0.9122282266616821
토바,0.9114733934402466
뇨세,0.9109067916870117
기쿼,0.9107847213745117
뇨쓰,0.9103761315345764
포으,0.9101396799087524
가게,0.9099394679069519
교레,0.9089614748954773
개으,0.9087892174720764
묘쏘,0.9085687398910522
터우,0.9084413051605225
교즈,0.9082673192024231
커페,0.9082410335540771
헤기,0.9080979824066162
거가,0.9074499607086182
혀오,0.9071193337440491
크오,0.9064152836799622
그파,0.9064007997512817
테뉴,0.9063659310340881
호펴,0.9054463505744934
치거,0.9053841829299927
과어,0.9051010012626648
쎄슈,0.9050508737564087
가펴,0.9044523239135742
티뇨,0.9040701389312744
기묘,0.9037225246429443
기구,0.9032672047615051
레수,0.9030255675315857
쵸보,0.9027624726295471
뉴쏘,0.9027021527290344
표게,0.9026304483413696
노쿄,0.9019938707351685
네표,0.901862382888794
쥬테,0.9015860557556152
로터,0.9013677835464478
니에,0.9010201096534729
카테,0.9009051322937012
유궈,0.9005150198936462
이텨,0.9004877209663391
조고,0.9004374146461487
아켜,0.9004135131835938
미쿄,0.9004017114639282
티가,0.9003500938415527
춰의,0.9003466367721558
즈씨,0.9003033638000488
초베,0.8997711539268494
교카,0.8996755480766296
수쏘,0.899385392665863
게러,0.8993140459060669
애테,0.8987220525741577
저케,0.8982414603233337
에자,0.8979005217552185
유됴,0.8978755474090576
사펴,0.8975179195404053
으리,0.8968163132667542
여너,0.8966571688652039
세싸,0.8959103226661682
콰유,0.8958739638328552
초듸,0.8955307006835938
체됴,0.894917368888855
서휴,0.8945547938346863
치제,0.8943867683410645
재씨,0.8940726518630981
셔솨,0.8937366008758545
궈뉴,0.8936283588409424
녀고,0.8935209512710571
퍼토,0.8932091593742371
솨스,0.8931669592857361
터츄,0.8926638960838318
쳐쒀,0.8925947546958923
체텨,0.8923428058624268
머소,0.8922993540763855
티씌,0.8916499614715576
와씨,0.8911816477775574
게붜,0.8910912275314331
츄거,0.8908652067184448
려토,0.8907973170280457
큐타,0.8906031250953674
트켜,0.890408992767334
치쒀,0.890373170375824
가네,0.8901038765907288
펴긔,0.8897053003311157
시씌,0.8892939686775208
이풔,0.8892410397529602
그히,0.8889796137809753
여희,0.8888781666755676
히의,0.8884721994400024
세늬,0.8884283304214478
재쎄,0.8883646726608276
어개,0.8881320357322693
죠보,0.8880739212036133
이버,0.8877249360084534
어쿼,0.8867087364196777
어카,0.8865761756896973
그솨,0.8865296840667725
쳐타,0.88641756772995
태세,0.8863279223442078
처풔,0.8862546682357788
뭐서,0.8862158060073853
툐비,0.8852607607841492
버쇼,0.8846905827522278
저써,0.8846585750579834
후유,0.8841622471809387
트투,0.8834275007247925
라쑈,0.8826746344566345
벼세,0.8825348019599915
게퐈,0.8825142979621887
여켜,0.8823942542076111
테구,0.8823874592781067
즈셔,0.8809896111488342
새숴,0.8805304169654846
캐츄,0.8802118301391602
휴치,0.8800257444381714
워게,0.8799765706062317
춰기,0.8796547055244446
터벼,0.8795526623725891
뭐퓨,0.8795059323310852
페치,0.879257321357727
호둬,0.8789523839950562
고훠,0.87886643409729
지크,0.8787386417388916
뎌숴,0.8786185383796692
크타,0.8785315752029419
혀게,0.8782336711883545
으게,0.8778807520866394
퓨카,0.8768318295478821
춰벼,0.8765816688537598
시러,0.8765007853507996
포풔,0.8763042092323303
푸요,0.8754813075065613
터풔,0.8753302693367004
러에,0.874923050403595
애와,0.8744392991065979
피커,0.8742257952690125
호버,0.8738572001457214
개느,0.8736018538475037
흐유,0.8726897239685059
오퐈,0.8725862503051758
퓨파,0.8725433349609375
솨겨,0.8724637627601624
며그,0.8724402189254761
여틔,0.8720285892486572
노튜,0.871972918510437
틔슈,0.8705463409423828
쥬초,0.870535135269165
퓨애,0.8701065182685852
모오,0.869932234287262
추규,0.8698883056640625
규촤,0.8695645928382874
퉈대,0.8695453405380249
춰퉈,0.8695188164710999
게배,0.8687718510627747
유콰,0.8681460618972778
죠우,0.867624819278717
풔초,0.8675082921981812
츄쑤,0.8674846887588501
재툐,0.8672184944152832
츠세,0.8671614527702332
펴프,0.8670934438705444
표히,0.8656177520751953
큐벼,0.8648908138275146
솨게,0.8642932176589966
뷰프,0.8641000986099243
키듸,0.8638447523117065
촤으,0.8638381361961365
궈러,0.8634101152420044
체다,0.8633490800857544
기누,0.8632071018218994
다쇼,0.8630125522613525
프뷰,0.8626517057418823
구수,0.86225426197052
셔쿠,0.8620952367782593
버오,0.8615658283233643
튜쏴,0.8615116477012634
큐효,0.8612480163574219
촤숴,0.8604926466941833
어캐,0.8603555560112
쵸베,0.8601899147033691
뎌오,0.8601667284965515
쵸데,0.8594917058944702
커효,0.8592997789382935
구쓰,0.8586696982383728
바씨,0.8583042025566101
벼케,0.858240008354187
태프,0.8578038811683655
뮤푸,0.8575528860092163
우와,0.8567968010902405
긔미,0.8567318916320801
기롸,0.8559269309043884
메티,0.855912446975708
며크,0.8547895550727844
슈므,0.8547466993331909
류됴,0.8543656468391418
줘피,0.8540468811988831
워듀,0.8538878560066223
죠하,0.8536987900733948
크새,0.8528594374656677
터라,0.8522683382034302
타페,0.8517866730690002
수튜,0.8516334295272827
춰히,0.851479709148407
가쿼,0.8513944149017334
저패,0.8511456251144409
촤에,0.851137638092041
치둬,0.8510151505470276
규누,0.8507473468780518
눠시,0.8507151007652283
새펴,0.8505110740661621
류메,0.8502974510192871
카쥬,0.850191056728363
쳐해,0.8498221635818481
저노,0.8491110801696777
태뵤,0.8488467931747437
효테,0.8485928177833557
뉴써,0.8484764099121094
허워,0.84824538230896
네쎄,0.8479917049407959
추서,0.847985029220581
듀유,0.847940981388092
와의,0.8477388024330139
줘시,0.8476223349571228
뮤캐,0.8475488424301147
려츄,0.8475397825241089
자튜,0.8472962379455566
콰지,0.8469674587249756
규후,0.8469117283821106
켜풔,0.8465387225151062
으쿼,0.8464019894599915
혀써,0.8461379408836365
줘터,0.846108078956604
추쑈,0.8460069298744202
타데,0.8452573418617249
뭐티,0.8452109694480896
저네,0.8448860049247742
려테,0.8447185754776001
녀워,0.8442503809928894
거해,0.8441712260246277
너뇨,0.8438281416893005
화어,0.842955470085144
토래,0.8425122499465942
과니,0.8423780798912048
으초,0.8417986631393433
애개,0.8417986035346985
규둬,0.8416587114334106
개틔,0.8414119482040405
하과,0.841063380241394
퉈와,0.8401526212692261
체두,0.8400582075119019
트우,0.8398571014404297
뷰뇨,0.8398351073265076
조체,0.8397286534309387
뎌긔,0.8391069173812866
효쑤,0.8390356302261353
뵤커,0.8389809131622314
투숴,0.8379949927330017
텨케,0.8377205729484558
후여,0.8372443914413452
주쇼,0.8359397649765015
눠디,0.8354445695877075
허겨,0.8349141478538513
녀가,0.8343777060508728
둬시,0.8342781662940979
히궈,0.8337823748588562
교눠,0.8333197236061096
요퉈,0.8322353959083557
교톼,0.8318923711776733
터제,0.8317140340805054
퉈커,0.8316044807434082
캐태,0.8315718770027161
체쏴,0.8314902186393738
파료,0.8313565850257874
토줘,0.831296980381012
과두,0.8309889435768127
텨호,0.830760657787323
터레,0.8306272625923157
묘게,0.830407440662384
서쳐,0.8301746249198914
퐈아,0.8300281167030334
줘여,0.8297304511070251
리무,0.8295262455940247
롸이,0.8287871479988098
워구,0.8279152512550354
퓨퉈,0.8278892636299133
류무,0.8276295065879822
케희,0.8266354203224182
수궈,0.8257749676704407
과혀,0.8254752159118652
뤄쎄,0.8251405358314514
하데,0.8248850107192993
캐구,0.8247149586677551
쥬개,0.824530839920044
쳐무,0.8244615197181702
긔주,0.8239123225212097
캐카,0.823204517364502
피쑤,0.8231712579727173
레뎌,0.8228141665458679
쑈쒀,0.822458803653717
해퍼,0.8219291567802429
툐채,0.8218876719474792
쥬궈,0.82175612449646
퐈서,0.8217540979385376
숴둬,0.8216596841812134
하펴,0.8216049075126648
노쿼,0.8213913440704346
레씌,0.8209672570228577
큐춰,0.8206039071083069
콰쿄,0.8200553059577942
혀가,0.8199121356010437
보퍼,0.8198448419570923
저텨,0.819747805595398
그퐈,0.8188932538032532
며디,0.8182234764099121
틔애,0.8179091811180115
둬티,0.8174630403518677
러보,0.8174275159835815
워헤,0.817170262336731
콰치,0.8165773749351501
투벼,0.816485583782196
펴데,0.8161753416061401
트처,0.815925121307373
료뮤,0.8155457973480225
혀베,0.8146287202835083
며쌔,0.8141934871673584
트쿼,0.8141396045684814
눠셔,0.8140066266059875
솨프,0.8137616515159607
타풔,0.8135206699371338
뉴과,0.8134986162185669
헤쵸,0.8134303689002991
저휴,0.8129531145095825
치뤄,0.8129209876060486
메녀,0.8126213550567627
튜개,0.8125075101852417
채와,0.8121492266654968
려드,0.8117232918739319
재뵤,0.8113865852355957
제구,0.810463547706604
푸규,0.8103954792022705
카쏴,0.8102205395698547
조개,0.8101891279220581
와투,0.8097863793373108
츠쓰,0.8096542358398438
스느,0.8094874024391174
허카,0.8089861273765564
의켜,0.8084189891815186
메터,0.8082664608955383
며켜,0.8079317212104797
디류,0.8072952628135681
춰듸,0.8070501685142517
내고,0.8070490956306458
초무,0.8070313930511475
여둬,0.8058919906616211
매기,0.8054938316345215
펴조,0.8054076433181763
켜채,0.8046379685401917
하궈,0.8041150569915771
우쵸,0.8033872246742249
메희,0.8029623031616211
의드,0.8028197288513184
촤됴,0.8026750683784485
긔커,0.8021958470344543
가눠,0.8020994663238525
뎌과,0.8020464777946472
무오,0.8019897937774658
씨의,0.8015771508216858
쿄재,0.8000285625457764
투데,0.7996770143508911
묘니,0.7990134358406067
춰돠,0.798993706703186
체러,0.7988998889923096
며태,0.7979158163070679
켜펴,0.7977840900421143
둬숴,0.7976517081260681
료브,0.7976186275482178
시므,0.797584056854248
벼어,0.797307550907135
콰로,0.7972038388252258
뎌의,0.797084629535675
워휴,0.7969880700111389
흐듀,0.7968649864196777
세봐,0.7968395352363586
워캐,0.7967250943183899
뤄커,0.7966232299804688
히혀,0.7963176965713501
쒀퓨,0.7959028482437134
수쒀,0.7956199049949646
뤄벼,0.7946230173110962
채죠,0.7944308519363403
커둬,0.7941798567771912
프쓰,0.7938678860664368
츠쿼,0.7938001155853271
체베,0.7927619218826294
도커,0.7905246615409851
채녀,0.7904020547866821
매숴,0.7902523279190063
카뎌,0.7895006537437439
체허,0.7893697023391724
니대,0.788427472114563
료헤,0.788288414478302
혀듀,0.7874879240989685
드쿄,0.7870811820030212
표씌,0.7868962287902832
늬이,0.7868791222572327
드튜,0.7867586612701416
헤다,0.7867274880409241
머듀,0.7865318059921265
퓨부,0.7858794331550598
좌서,0.7858788967132568
히추,0.7858144044876099
틔우,0.7854830026626587
켜쏴,0.7851015329360962
그채,0.7849370837211609
디거,0.7849332094192505
퍼죠,0.7846185564994812
느켜,0.7836990356445312
캐체,0.7834802865982056
의타,0.7828004956245422
틔크,0.7823548913002014
줘펴,0.7822717428207397
의뵤,0.7821933627128601
뉴묘,0.7818025350570679
훠됴,0.7790701389312744
케부,0.7787833213806152
묘구,0.77841717004776
며죠,0.777830958366394
톼어,0.777607262134552
헤나,0.7775040864944458
돠셔,0.7764463424682617
촤켜,0.77581787109375
뮤재,0.7751529812812805
려모,0.775151252746582
츄져,0.7751137614250183
좌피,0.7746807336807251
퐈비,0.7743973135948181
듀개,0.7741422653198242
우씌,0.7733732461929321
타체,0.7730190753936768
져조,0.7727625370025635
솨커,0.7720498442649841
머텨,0.7719659209251404
다쿄,0.7711949348449707
뭐써,0.7695510387420654
뤄텨,0.7687556147575378
둬쑈,0.7683483362197876
톼싸,0.7680045366287231
아톼,0.7677785754203796
츄훠,0.7676087021827698
조쿠,0.7674863934516907
눠쿼,0.7669716477394104
흐워,0.7668895721435547
으채,0.7668178081512451
녀다,0.7660553455352783
으혀,0.7651790976524353
추투,0.7651676535606384
보태,0.7646002173423767
희히,0.7638132572174072
춰훠,0.7631619572639465
자쒀,0.7631008625030518
느보,0.7630699872970581
쇼늬,0.7622726559638977
뵤느,0.7622451186180115
쏘펴,0.7620402574539185
흐벼,0.761980414390564
늬교,0.7615571022033691
지틔,0.7615309953689575
노휴,0.7608293890953064
톼뵤,0.7606682777404785
튜콰,0.7601373791694641
쥬태,0.7599640488624573
도캐,0.7595258355140686
솨펴,0.7588340044021606
투붜,0.7587085366249084
휴누,0.7584484815597534
표흐,0.7583450078964233
죠흐,0.7577158212661743
됴붜,0.7576299905776978
처톼,0.7567294836044312
희와,0.7563518285751343
혀류,0.7551988363265991
줘파,0.755174458026886
표대,0.755012035369873
머사,0.7547127604484558
쓰수,0.7546520233154297
디추,0.7546229958534241
후치,0.7535235285758972
톼수,0.7535061836242676
와텨,0.752851128578186
브에,0.7522396445274353
씨됴,0.7519707083702087
쿄줘,0.7514785528182983
뭐와,0.7513881325721741
다새,0.7507538199424744
후퍼,0.750054121017456
톼표,0.7493189573287964
둬풔,0.7484737634658813
눠겨,0.7482066750526428
롸큐,0.7478097677230835
와카,0.7473278641700745
며드,0.746976375579834
뷰거,0.7469596862792969
미너,0.7460146546363831
뵤과,0.745905339717865
틔프,0.745586633682251
헤봐,0.7453463673591614
수펴,0.7434688806533813
춰라,0.7434159517288208
숴러,0.743243396282196
녀나,0.743074357509613
바케,0.7426426410675049
테모,0.7426018118858337
둬의,0.7417922616004944
피흐,0.7417152523994446
쿼부,0.7412891387939453
루겨,0.7411279678344727
뉴눠,0.7400030493736267
줘게,0.7395601272583008
래애,0.7394055724143982
포뭐,0.7390316724777222
유놔,0.7387697696685791
후구,0.7385379672050476
네데,0.7355819344520569
듸셔,0.7353639602661133
허자,0.7344643473625183
뫄이,0.7337499856948853
드펴,0.7331673502922058
쏘큐,0.7325462102890015
타휴,0.7314367890357971
료됴,0.7308171987533569
죠쿠,0.7303270697593689
의쥬,0.7303027510643005
새혀,0.730099081993103
제져,0.7299278378486633
세묘,0.7297938466072083
머료,0.7293462753295898
디씌,0.7292923331260681
체놔,0.7275988459587097
래가,0.7275243997573853
료바,0.7274110317230225
흐수,0.7271312475204468
큐화,0.7260861396789551
느가,0.7258011698722839
혀두,0.7253565192222595
톼와,0.7245249152183533
와추,0.7229480147361755
테둬,0.7222147583961487
쓰가,0.721578061580658
추하,0.7215433120727539
과루,0.7211868762969971
추바,0.7210150957107544
쏘소,0.7201930284500122
도처,0.7200850248336792
둬그,0.7199128866195679
디두,0.7199001908302307
쑤교,0.7195662260055542
롸드,0.7192365527153015
퉈혀,0.7192291617393494
수긔,0.7189604640007019
대에,0.7189517021179199
으줘,0.7187739610671997
콰붜,0.7175040245056152
퓨흐,0.717453122138977
머씌,0.7169110178947449
테콰,0.7168838381767273
캐배,0.7164583206176758
페대,0.7162299752235413
러쑤,0.7152642011642456
타돠,0.7137210965156555
뮤자,0.7129908800125122
페체,0.7118489146232605
쿠즈,0.7117509841918945
쌔씨,0.7116660475730896
즈거,0.7111008763313293
와러,0.7100064158439636
뤄쌔,0.7096089124679565
와태,0.7090140581130981
메줘,0.7083467245101929
마벼,0.7076568603515625
하화,0.7073811888694763
브워,0.705959141254425
크혀,0.7052536010742188
루보,0.7049179077148438
촤레,0.7047793865203857
듀춰,0.704515814781189
우허,0.7041176557540894
디르,0.7040812373161316
테퐈,0.7018611431121826
서려,0.7018353939056396
즈풔,0.7010488510131836
뤄차,0.7000657916069031
켜희,0.6999626159667969
버텨,0.6986109018325806
베처,0.6984737515449524
틔페,0.6984298825263977
돠큐,0.6979688405990601
툐돠,0.6968482732772827
라쿼,0.6963348984718323
쏘켜,0.6963223814964294
쿄머,0.6953490376472473
그촤,0.695061445236206
러추,0.6950313448905945
네혀,0.6937551498413086
줘쿼,0.6936641335487366
쑈에,0.6931876540184021
리퐈,0.6928867697715759
씌피,0.6905982494354248
더수,0.6888883709907532
뤄추,0.6886289715766907
펴재,0.6883103847503662
러녀,0.6877098083496094
쎄숴,0.6867266893386841
긔메,0.6863830089569092
쑈어,0.6860339045524597
바가,0.6854264736175537
퍼과,0.6848558783531189
뵤퉈,0.6839913725852966
무쒀,0.6834619641304016
쓰붜,0.682750403881073
됴두,0.682656466960907
뵤긔,0.6822744011878967
늬씨,0.6820438504219055
도눠,0.6809476017951965
씨타,0.6805049180984497
화하,0.6804465651512146
툐므,0.6795138716697693
쑈쿼,0.6791753768920898
듸포,0.6773695945739746
씌새,0.6772043108940125
쒀벼,0.6766538619995117
쏘쿄,0.6755762696266174
로봐,0.6755003333091736
봐쎄,0.6749266386032104
해혀,0.6747874021530151
혀주,0.6746290922164917
풔류,0.6745377779006958
피머,0.6742135286331177
수씌,0.673377513885498
허톼,0.6711400747299194
쒀궈,0.6708816885948181
눠태,0.6705676913261414
와려,0.6699864268302917
려효,0.6680535674095154
뭐구,0.6666482090950012
도추,0.6665146350860596
늬규,0.6651050448417664
쒀비,0.6647359132766724
눠거,0.6646161079406738
흐처,0.6640692949295044
나싸,0.6633657217025757
디둬,0.6629306077957153
퐈츄,0.6625938415527344
줘태,0.6609686613082886
해카,0.6596810221672058
둬브,0.659210741519928
버로,0.6589200496673584
롸펴,0.6586269736289978
솨료,0.6583889722824097
눠솨,0.6582531332969666
허더,0.6582047343254089
풔돠,0.656849205493927
무류,0.6567529439926147
놔키,0.6566870212554932
재붜,0.6562795042991638
도틔,0.6558953523635864
둬가,0.6553372740745544
궈뫄,0.6552188396453857
놔표,0.6550021171569824
푸풔,0.654718279838562
므뮤,0.6528738737106323
베내,0.6524028778076172
좌숴,0.6519944071769714
퐈뇨,0.6518992185592651
뎌쏴,0.6502702236175537
대새,0.6500417590141296
크자,0.6479248404502869
나펴,0.6461058259010315
대케,0.6460636854171753
뤄려,0.6453230977058411
베후,0.6448987722396851
르래,0.6436949372291565
체롸,0.6434528231620789
료내,0.6418353319168091
의줘,0.6410524845123291
더쏴,0.6397348642349243
눠개,0.6391244530677795
돠쑈,0.6374245285987854
퍼둬,0.6372731328010559
훠틔,0.6372491717338562
져화,0.636707067489624
도돠,0.635254979133606
므려,0.6349808573722839
써씨,0.634019136428833
두토,0.6331936717033386
뭐조,0.6315381526947021
쏴가,0.6288369297981262
듸유,0.6275908946990967
므궈,0.6253755688667297
툐메,0.6243940591812134
도희,0.623511791229248
내쑤,0.6215760707855225
뵤레,0.6199207901954651
스허,0.6196880340576172
쎄쏴,0.6189203858375549
돠궈,0.6164630055427551
추려,0.6164014935493469
누게,0.616369903087616
트희,0.6162613034248352
내베,0.6152961850166321
러해,0.6149193644523621
돠디,0.6146568655967712
보대,0.6135512590408325
마늬,0.6133834719657898
도제,0.6127493977546692
콰쿠,0.6111722588539124
머부,0.6106756925582886
훠메,0.609102189540863
내츄,0.6084244251251221
뎌촤,0.6082684993743896
주츄,0.6078502535820007
쏴더,0.6078113317489624
채메,0.607175350189209
디무,0.606364905834198
늬우,0.6062490940093994
화져,0.6048298478126526
희버,0.6024239659309387
니줘,0.6022897362709045
씨돠,0.6003559231758118
죠줘,0.5992390513420105
놔파,0.5989854335784912
쑈후,0.5978600382804871
머려,0.597579300403595
놔도,0.5963682532310486
퍼져,0.5946972370147705
뵤뎌,0.5930951237678528
즈쥬,0.5928924083709717
듀묘,0.592182457447052
버채,0.5921176671981812
니롸,0.5914381146430969
크뭐,0.5907002091407776
쏴초,0.5901626944541931
주쑤,0.5883803367614746
쎄붜,0.5880027413368225
허려,0.5879495739936829
휴매,0.5864973068237305
붜퉈,0.5856973528862
래제,0.5854824185371399
퍼라,0.5853270888328552
료퐈,0.5847846269607544
쓰배,0.5833778381347656
묘봐,0.5828543901443481
늬코,0.5827069878578186
촤캐,0.582093358039856
펴롸,0.5811455249786377
내궈,0.5794544816017151
둬레,0.5774919986724854
톼퉈,0.5773889422416687
눠톼,0.5761599540710449
누쑤,0.575855553150177
싸뇨,0.5743805170059204
쏘터,0.5738846063613892
저허,0.5732203722000122
싸쌔,0.5729029178619385
희브,0.5723681449890137
르늬,0.5712308883666992
쑤튜,0.5699604153633118
퓨뤄,0.5694472789764404
해배,0.5688221454620361
퍼봐,0.5684376955032349
뮤롸,0.5674899816513062
쑤거,0.5667742490768433
즈휴,0.5667555928230286
늬궈,0.5667394995689392
톼혀,0.566450297832489
희츄,0.5639954805374146
놔긔,0.5633152723312378
붜뇨,0.5625023245811462
줘러,0.5602294206619263
좌지,0.5566471815109253
놔퍼,0.5541748404502869
바처,0.5536285042762756
프무,0.5532366037368774
베둬,0.5531100034713745
르해,0.5529948472976685
뭐톼,0.5525332093238831
더훠,0.5520595908164978
수퐈,0.5519059896469116
눠해,0.5510027408599854
디롸,0.5508652329444885
퐈툐,0.5506139397621155
콰루,0.5498440265655518
풔화,0.5495525002479553
쏘하,0.5473164916038513
놔켜,0.5455554127693176
류훠,0.5443649291992188
뇨죠,0.5426989197731018
네놔,0.5422322154045105
허롸,0.5417044162750244
부쒀,0.5409201383590698
후눠,0.5399500131607056
흐제,0.5392062664031982
더조,0.538597583770752
주쿼,0.5382007360458374
크롸,0.5374517440795898
바틔,0.5358750820159912
쓰루,0.5349910259246826
씨뭐,0.5328214168548584
벼재,0.532684326171875
틔눠,0.5302958488464355
써겨,0.5278978943824768
싸퍼,0.5264622569084167
놔투,0.5239943861961365
붜효,0.5228433609008789
롸느,0.5208855271339417
보봐,0.517872154712677
부프,0.517083466053009
테롸,0.5156627297401428
늬켜,0.5151519775390625
듸터,0.5115227699279785
녀러,0.510299563407898
툐루,0.5097290277481079
크놔,0.5095336437225342
톼저,0.5077350735664368
봐리,0.5074247717857361
뷰대,0.507392406463623
내뎌,0.5061793327331543
바늬,0.505677342414856
프헤,0.5053486824035645
내부,0.5052989721298218
쒀카,0.5046418309211731
배패,0.5031879544258118
쑤됴,0.5020323991775513
촤메,0.500795841217041
쏘바,-0.5025393962860107
려혀,-0.5054924488067627
내솨,-0.5070962905883789
쑤개,-0.5076557993888855
퐈춰,-0.5084792971611023
듸써,-0.5100429058074951
녀래,-0.5120497345924377
화머,-0.5131258368492126
네제,-0.5137292742729187
씌투,-0.5156688690185547
붜즈,-0.5187715291976929
느헤,-0.5189671516418457
쑤베,-0.5200151205062866
쒀허,-0.5202535390853882
해메,-0.5248290300369263
듸쒀,-0.5279797911643982
요뫄,-0.5284750461578369
촤후,-0.5295422673225403
수뤄,-0.5296372175216675
쏘노,-0.5306457281112671
부듀,-0.5306903123855591
좌배,-0.5311623215675354
둬늬,-0.5329182147979736
쓰뭐,-0.5351277589797974
퐈누,-0.5355464220046997
붜녀,-0.5360981822013855
래봐,-0.5368769764900208
놔뮤,-0.5378444194793701
다더,-0.5384838581085205
루헤,-0.5404012203216553
틔돠,-0.5405349135398865
뫄쏴,-0.5426251292228699
브래,-0.5431346893310547
돠미,-0.5477943420410156
묘톼,-0.5485708117485046
싸둬,-0.5505781173706055
료톼,-0.5516699552536011
돠느,-0.5539988279342651
뷰므,-0.5554978251457214
긔뫄,-0.5568499565124512
쎄재,-0.5575019717216492
느해,-0.5576651692390442
두솨,-0.5582883954048157
뫄려,-0.5595821142196655
싸뮤,-0.5671142935752869
씌처,-0.5678268074989319
뫄희,-0.5722057819366455
롸타,-0.5728248953819275
퍼루,-0.5729272365570068
푸콰,-0.5744042992591858
배레,-0.5765489339828491
써에,-0.5786170363426208
뫄레,-0.5807534456253052
희러,-0.5842954516410828
쒀콰,-0.5845052003860474
쌔쳐,-0.5869128704071045
쌔뎌,-0.5878936052322388
후좌,-0.5899869799613953
쑈누,-0.5917691588401794
채롸,-0.5932859182357788
쌔세,-0.594882071018219
둬죠,-0.5965420007705688
무러,-0.597770631313324
씌됴,-0.5979965925216675
져좌,-0.598220944404602
내희,-0.5983718633651733
써느,-0.5998924970626831
붜무,-0.6015015244483948
더톼,-0.6056575179100037
쑈료,-0.6076831221580505
둬화,-0.6084519028663635
쒀며,-0.609754204750061
쏴차,-0.6115174293518066
쿠좌,-0.6119157671928406
버화,-0.6130545139312744
부눠,-0.6146096587181091
씌녀,-0.6171139478683472
나롸,-0.6179022789001465
바뮤,-0.6184592247009277
바뤄,-0.6190056800842285
눠조,-0.6205350160598755
느재,-0.620904803276062
로좌,-0.6296193599700928
써긔,-0.6313062310218811
쑤허,-0.6313784718513489
패마,-0.6315180063247681
눠죠,-0.6316894888877869
쌔솨,-0.6362233757972717
대뭐,-0.6382291913032532
틔묘,-0.6390575170516968
듸쑤,-0.6416186094284058
듸제,-0.6418663263320923
좌차,-0.6423093676567078
쓰촤,-0.6456784605979919
쏘저,-0.6457872986793518
붜메,-0.6464080810546875
봐료,-0.6466083526611328
쒀묘,-0.6484041213989258
드쥬,-0.6492946743965149
봐나,-0.6496738195419312
싸츠,-0.6518078446388245
쏘며,-0.6534193158149719
벼매,-0.655692994594574
브즈,-0.657463014125824
쑤뭐,-0.6580272316932678
뵤놔,-0.6586605310440063
롸머,-0.6592577695846558
봐너,-0.6596922874450684
두퐈,-0.6640475988388062
부줘,-0.6666077375411987
뎌뫄,-0.6666533350944519
부려,-0.6689779162406921
듸류,-0.6748008131980896
루콰,-0.6776819229125977
씌류,-0.6786484122276306
듸훠,-0.6790673732757568
므롸,-0.6814113259315491
나며,-0.6823899149894714
뵤므,-0.6825838088989258
놔무,-0.682606041431427
내허,-0.6835612654685974
캐매,-0.6855574250221252
배줘,-0.6874690055847168
무놔,-0.6888485550880432
롸제,-0.6892988085746765
놔헤,-0.6895282864570618
듸쥬,-0.6964406371116638
기캬,-0.6970568299293518
쪄졔,-0.6970568299293518
괘괘,-0.6970568299293518
늬뷔,-0.6970568299293518
져홰,-0.6970568299293518
괘웨,-0.6970568299293518
띠뇨,-0.6970568299293518
뿌됴,-0.6970568299293518
쪼슈,-0.6970568299293518
얘섀,-0.6970568299293518
마례,-0.6970568299293518
뵤꾸,-0.6970568299293518
쭤쌔,-0.6970568299293518
꾀늬,-0.6970568299293518
똬쒀,-0.6970568299293518
쁘듸,-0.6970568299293518
버계,-0.6970568299293518
최퇘,-0.6970568299293518
띄쪼,-0.6970568299293518
표얘,-0.6970568299293518
녜러,-0.6970568299293518
괴퇴,-0.6970568299293518
도랴,-0.6970568299293518
메먀,-0.6970568299293518
누빠,-0.6970568299293518
퐈튀,-0.6970568299293518
시뀌,-0.6970568299293518
애뜨,-0.6970568299293518
뿌듸,-0.6970568299293518
또트,-0.6970568299293518
대뿌,-0.6970568299293518
휘녜,-0.6970568299293518
쁘슈,-0.6970568299293518
드끄,-0.6970568299293518
뻬내,-0.6970568299293518
뉘투,-0.6970568299293518
되또,-0.6970568299293518
퓌얘,-0.6970568299293518
되뻐,-0.6970568299293518
퉤대,-0.6970568299293518
추웨,-0.6970568299293518
내뱌,-0.6970568299293518
쒸예,-0.6970568299293518
귀트,-0.6970568299293518
섀파,-0.6970568299293518
봬개,-0.6970568299293518
죠휘,-0.6970568299293518
려뽀,-0.6970568299293518
브푀,-0.6970568299293518
초뻬,-0.6970568299293518
됴뷔,-0.6970568299293518
펴뱌,-0.6970568299293518
꼐비,-0.6970568299293518
띠쟤,-0.6970568299293518
태외,-0.6970568299293518
솨훼,-0.6970568299293518
놔꼬,-0.6970568299293518
후되,-0.6970568299293518
리쮜,-0.6970568299293518
냐겨,-0.6970568299293518
내뢰,-0.6970568299293518
스뚜,-0.6970568299293518
샤모,-0.6970568299293518
떠붜,-0.6970568299293518
쩌무,-0.6970568299293518
매뷔,-0.6970568299293518
쿠뻐,-0.6970568299293518
르쾌,-0.6970568299293518
태쥐,-0.6970568299293518
떠히,-0.6970568299293518
붜최,-0.6970568299293518
여퇴,-0.6970568299293518
돠꺄,-0.6970568299293518
패쉬,-0.6970568299293518
차걔,-0.6970568299293518
훼다,-0.6970568299293518
톼퇴,-0.6970568299293518
얘뾰,-0.6970568299293518
나계,-0.6970568299293518
꿰뇨,-0.6970568299293518
또죠,-0.6970568299293518
쨔왜,-0.6970568299293518
써취,-0.6970568299293518
르뒤,-0.6970568299293518
혜튀,-0.6970568299293518
쪼파,-0.6970568299293518
눼몌,-0.6970568299293518
쉬괴,-0.6970568299293518
퓌튀,-0.6970568299293518
퇘쒸,-0.6970568299293518
꾀으,-0.6970568299293518
되채,-0.6970568299293518
가뾔,-0.6970568299293518
께위,-0.6970568299293518
에례,-0.6970568299293518
꿔례,-0.6970568299293518
챠궤,-0.6970568299293518
돠뤼,-0.6970568299293518
줘냐,-0.6970568299293518
캐쀼,-0.6970568299293518
볘캬,-0.6970568299293518
뒈뗘,-0.6970568299293518
켸돠,-0.6970568299293518
쎄뙈,-0.6970568299293518
먀띄,-0.6970568299293518
붸피,-0.6970568299293518
때씨,-0.6970568299293518
쟈쏘,-0.6970568299293518
뗘끄,-0.6970568299293518
끼며,-0.6970568299293518
둬궤,-0.6970568299293518
뽀궈,-0.6970568299293518
둬퍄,-0.6970568299293518
랴새,-0.6970568299293518
뇌쟈,-0.6970568299293518
스뼈,-0.6970568299293518
쟈셰,-0.6970568299293518
뤼쵸,-0.6970568299293518
뎌계,-0.6970568299293518
쿼홰,-0.6970568299293518
례걔,-0.6970568299293518
씌퇘,-0.6970568299293518
뀨쒜,-0.6970568299293518
사퀴,-0.6970568299293518
튀뚜,-0.6970568299293518
뱌제,-0.6970568299293518
쮜태,-0.6970568299293518
쟤니,-0.6970568299293518
빠츄,-0.6970568299293518
뉘소,-0.6970568299293518
쳬대,-0.6970568299293518
뵈쩌,-0.6970568299293518
뺘쵸,-0.6970568299293518
혜에,-0.6970568299293518
주째,-0.6970568299293518
뉘뤼,-0.6970568299293518
니댜,-0.6970568299293518
퍄으,-0.6970568299293518
후뒈,-0.6970568299293518
뼈툐,-0.6970568299293518
샤뒈,-0.6970568299293518
걔겨,-0.6970568299293518
노퇴,-0.6970568299293518
조혜,-0.6970568299293518
챠뼈,-0.6970568299293518
네탸,-0.6970568299293518
쪄해,-0.6970568299293518
뻬메,-0.6970568299293518
째똬,-0.6970568299293518
쇼쪄,-0.6970568299293518
싸빠,-0.6970568299293518
초최,-0.6970568299293518
쁘또,-0.6970568299293518
헤쾌,-0.6970568299293518
째티,-0.6970568299293518
쩨몌,-0.6970568299293518
훼노,-0.6970568299293518
훼싸,-0.6970568299293518
배켸,-0.6970568299293518
회솨,-0.6970568299293518
훼퉈,-0.6970568299293518
뇌도,-0.6970568299293518
쫘가,-0.6970568299293518
와삐,-0.6970568299293518
셰뮈,-0.6970568299293518
프퀘,-0.6970568299293518
새쪼,-0.6970568299293518
줴래,-0.6970568299293518
휘투,-0.6970568299293518
싸퉤,-0.6970568299293518
쵸췌,-0.6970568299293518
류쥐,-0.6970568299293518
예톄,-0.6970568299293518
꿔되,-0.6970568299293518
쇼삐,-0.6970568299293518
뀨네,-0.6970568299293518
례떼,-0.6970568299293518
돼때,-0.6970568299293518
퉤훼,-0.6970568299293518
례쩌,-0.6970568299293518
켸떠,-0.6970568299293518
꽈구,-0.6970568299293518
삐사,-0.6970568299293518
쉐췌,-0.6970568299293518
뒤너,-0.6970568299293518
꽈쟤,-0.6970568299293518
퉈줴,-0.6970568299293518
다삐,-0.6970568299293518
례볘,-0.6970568299293518
쟈스,-0.6970568299293518
데죄,-0.6970568299293518
뷔춰,-0.6970568299293518
죄뼈,-0.6970568299293518
빼쩨,-0.6970568299293518
뾔쫴,-0.6970568299293518
걔토,-0.6970568299293518
위휘,-0.6970568299293518
뤠외,-0.6970568299293518
때퓌,-0.6970568299293518
의취,-0.6970568299293518
꿔뚜,-0.6970568299293518
뜨퉤,-0.6970568299293518
띄쩌,-0.6970568299293518
퇴톄,-0.6970568299293518
개꽈,-0.6970568299293518
갸휴,-0.6970568299293518
끄미,-0.6970568299293518
쥐스,-0.6970568299293518
포쳬,-0.6970568299293518
최숴,-0.6970568299293518
훼서,-0.6970568299293518
쁘뇨,-0.6970568299293518
유뫼,-0.6970568299293518
햐얘,-0.6970568299293518
슈께,-0.6970568299293518
괘쮜,-0.6970568299293518
쇄훠,-0.6970568299293518
훼바,-0.6970568299293518
혜켜,-0.6970568299293518
쫘뒤,-0.6970568299293518
쫴네,-0.6970568299293518
뙤혜,-0.6970568299293518
눼두,-0.6970568299293518
쇠캐,-0.6970568299293518
져셰,-0.6970568299293518
여먀,-0.6970568299293518
봬쀼,-0.6970568299293518
째훼,-0.6970568299293518
뼈태,-0.6970568299293518
꾀내,-0.6970568299293518
수꼐,-0.6970568299293518
리최,-0.6970568299293518
궤햐,-0.6970568299293518
디꺄,-0.6970568299293518
똬희,-0.6970568299293518
쨔죠,-0.6970568299293518
퇘거,-0.6970568299293518
췌뾰,-0.6970568299293518
뭐위,-0.6970568299293518
뉘추,-0.6970568299293518
뱌쁘,-0.6970568299293518
베뼈,-0.6970568299293518
찌왜,-0.6970568299293518
쭈좌,-0.6970568299293518
찌홰,-0.6970568299293518
촤끄,-0.6970568299293518
쬐웨,-0.6970568299293518
의뵈,-0.6970568299293518
쬐키,-0.6970568299293518
꺄코,-0.6970568299293518
쉬계,-0.6970568299293518
투켸,-0.6970568299293518
쳬춰,-0.6970568299293518
봐뒤,-0.6970568299293518
놔퇴,-0.6970568299293518
뻐꼐,-0.6970568299293518
쀼뢰,-0.6970568299293518
휘패,-0.6970568299293518
뛔띄,-0.6970568299293518
로뎨,-0.6970568299293518
뤠괘,-0.6970568299293518
쥐돠,-0.6970568299293518
쳬죠,-0.6970568299293518
켸애,-0.6970568299293518
쫴왜,-0.6970568299293518
퀘켸,-0.6970568299293518
줴시,-0.6970568299293518
퐈쀼,-0.6970568299293518
괘디,-0.6970568299293518
쉐수,-0.6970568299293518
쟤효,-0.6970568299293518
그꾜,-0.6970568299293518
뽀뙈,-0.6970568299293518
뾔코,-0.6970568299293518
깨초,-0.6970568299293518
쇠꾜,-0.6970568299293518
호쯔,-0.6970568299293518
훠뉘,-0.6970568299293518
츠뤠,-0.6970568299293518
갸처,-0.6970568299293518
거꼬,-0.6970568299293518
쒜제,-0.6970568299293518
푸뮈,-0.6970568299293518
벼왜,-0.6970568299293518
보봬,-0.6970568299293518
쥐쿼,-0.6970568299293518
쥐사,-0.6970568299293518
뢰끄,-0.6970568299293518
뵈허,-0.6970568299293518
휘눠,-0.6970568299293518
삐띠,-0.6970568299293518
뗘홰,-0.6970568299293518
쾨레,-0.6970568299293518
떼긔,-0.6970568299293518
똬쉬,-0.6970568299293518
뒈쑤,-0.6970568299293518
느쉐,-0.6970568299293518
똬꼬,-0.6970568299293518
퓌껴,-0.6970568299293518
랴최,-0.6970568299293518
매뛔,-0.6970568299293518
뻐좌,-0.6970568299293518
혜쳬,-0.6970568299293518
허퀴,-0.6970568299293518
죠봬,-0.6970568299293518
쥐뇌,-0.6970568299293518
쳬쏴,-0.6970568299293518
계뤠,-0.6970568299293518
뎨체,-0.6970568299293518
쳐꾜,-0.6970568299293518
바짜,-0.6970568299293518
카녜,-0.6970568299293518
퐈까,-0.6970568299293518
쫘노,-0.6970568299293518
차최,-0.6970568299293518
띠꽤,-0.6970568299293518
페꾀,-0.6970568299293518
퇴졔,-0.6970568299293518
줴귀,-0.6970568299293518
쥐수,-0.6970568299293518
베섀,-0.6970568299293518
묘뱌,-0.6970568299293518
머퇘,-0.6970568299293518
쪼꺄,-0.6970568299293518
례투,-0.6970568299293518
쭤쑈,-0.6970568299293518
취볘,-0.6970568299293518
가쬐,-0.6970568299293518
쭤쇄,-0.6970568299293518
커되,-0.6970568299293518
되뽀,-0.6970568299293518
놔뎨,-0.6970568299293518
고쉐,-0.6970568299293518
티훼,-0.6970568299293518
뻬더,-0.6970568299293518
때대,-0.6970568299293518
쪄후,-0.6970568299293518
떼해,-0.6970568299293518
외뜨,-0.6970568299293518
찌졔,-0.6970568299293518
둬괘,-0.6970568299293518
끄튜,-0.6970568299293518
뢰째,-0.6970568299293518
쪼뱌,-0.6970568299293518
해쫘,-0.6970568299293518
뙤뒈,-0.6970568299293518
워똬,-0.6970568299293518
뫄뚜,-0.6970568299293518
흐샤,-0.6970568299293518
꼬퀘,-0.6970568299293518
뙤쒸,-0.6970568299293518
셔쐐,-0.6970568299293518
머꺼,-0.6970568299293518
쫘쳐,-0.6970568299293518
톼얘,-0.6970568299293518
퇴춰,-0.6970568299293518
왜햐,-0.6970568299293518
튀뮤,-0.6970568299293518
으끄,-0.6970568299293518
싸뽀,-0.6970568299293518
쉬텨,-0.6970568299293518
쉐깨,-0.6970568299293518
세뇌,-0.6970568299293518
부쉐,-0.6970568299293518
샤웨,-0.6970568299293518
뷔뭐,-0.6970568299293518
뭐쁘,-0.6970568299293518
꾜쬐,-0.6970568299293518
뱌쇠,-0.6970568299293518
뭬며,-0.6970568299293518
씌녜,-0.6970568299293518
죠꿰,-0.6970568299293518
퇘허,-0.6970568299293518
쉬긔,-0.6970568299293518
뛔갸,-0.6970568299293518
빠쇠,-0.6970568299293518
푀줘,-0.6970568299293518
투뱌,-0.6970568299293518
뒤효,-0.6970568299293518
퉤퍼,-0.6970568299293518
쪄톼,-0.6970568299293518
뫼싸,-0.6970568299293518
뜨샤,-0.6970568299293518
뵈려,-0.6970568299293518
꼬튀,-0.6970568299293518
미쳬,-0.6970568299293518
몌포,-0.6970568299293518
튀섀,-0.6970568299293518
몌쁘,-0.6970568299293518
또뤄,-0.6970568299293518
티췌,-0.6970568299293518
터갸,-0.6970568299293518
계끼,-0.6970568299293518
섀쪄,-0.6970568299293518
툐쬐,-0.6970568299293518
구꽈,-0.6970568299293518
조샤,-0.6970568299293518
쟈돠,-0.6970568299293518
챠솨,-0.6970568299293518
죠훼,-0.6970568299293518
샤피,-0.6970568299293518
차회,-0.6970568299293518
꺼버,-0.6970568299293518
쭤꼬,-0.6970568299293518
얘으,-0.6970568299293518
초쉬,-0.6970568299293518
쳬가,-0.6970568299293518
시께,-0.6970568299293518
재쨔,-0.6970568299293518
쟈쏴,-0.6970568299293518
졔쭈,-0.6970568299293518
졔너,-0.6970568299293518
톄표,-0.6970568299293518
히외,-0.6970568299293518
귀뙤,-0.6970568299293518
늬뫼,-0.6970568299293518
과챠,-0.6970568299293518
시쪄,-0.6970568299293518
싸걔,-0.6970568299293518
햐쐐,-0.6970568299293518
괘거,-0.6970568299293518
사켸,-0.6970568299293518
가햐,-0.6970568299293518
후꼐,-0.6970568299293518
쉬과,-0.6970568299293518
쐐퀘,-0.6970568299293518
뾰뙤,-0.6970568299293518
돠몌,-0.6970568299293518
기취,-0.6970568299293518
쓰죄,-0.6970568299293518
뮈튜,-0.6970568299293518
재랴,-0.6970568299293518
뎨씌,-0.6970568299293518
재퇘,-0.6970568299293518
째요,-0.6970568299293518
꿔깨,-0.6970568299293518
퇘뾰,-0.6970568299293518
좌퓌,-0.6970568299293518
효쐬,-0.6970568299293518
슈빠,-0.6970568299293518
까브,-0.6970568299293518
치쒸,-0.6970568299293518
야머,-0.6970568299293518
뾰떠,-0.6970568299293518
꾜퇘,-0.6970568299293518
쏘깨,-0.6970568299293518
까퍄,-0.6970568299293518
솨취,-0.6970568299293518
츄되,-0.6970568299293518
지뒈,-0.6970568299293518
써쭈,-0.6970568299293518
허퇴,-0.6970568299293518
쐐뻬,-0.6970568299293518
뾰쳬,-0.6970568299293518
뜨띄,-0.6970568299293518
뙤태,-0.6970568299293518
뗘볘,-0.6970568299293518
쟤게,-0.6970568299293518
머뗘,-0.6970568299293518
쪼돼,-0.6970568299293518
녜희,-0.6970568299293518
뤠퓨,-0.6970568299293518
뒈소,-0.6970568299293518
삐표,-0.6970568299293518
쪼쟤,-0.6970568299293518
챠뀨,-0.6970568299293518
뎌얘,-0.6970568299293518
걔츄,-0.6970568299293518
조최,-0.6970568299293518
쨔우,-0.6970568299293518
쮸머,-0.6970568299293518
뻬쇄,-0.6970568299293518
가꼐,-0.6970568299293518
꿔괴,-0.6970568299293518
퀴카,-0.6970568299293518
좌뛰,-0.6970568299293518
쳬꽈,-0.6970568299293518
이쫘,-0.6970568299293518
쐬개,-0.6970568299293518
쎄섀,-0.6970568299293518
퓌처,-0.6970568299293518
라짜,-0.6970568299293518
탸꺄,-0.6970568299293518
궤폐,-0.6970568299293518
먀퐈,-0.6970568299293518
째숴,-0.6970568299293518
푀이,-0.6970568299293518
디뾔,-0.6970568299293518
챠머,-0.6970568299293518
후째,-0.6970568299293518
떼쏘,-0.6970568299293518
뻐씨,-0.6970568299293518
태셰,-0.6970568299293518
까텨,-0.6970568299293518
끄쐐,-0.6970568299293518
쀼봬,-0.6970568299293518
붸예,-0.6970568299293518
어위,-0.6970568299293518
쎄귀,-0.6970568299293518
쑤뱌,-0.6970568299293518
표댜,-0.6970568299293518
쯔풔,-0.6970568299293518
쩌뚜,-0.6970568299293518
코쇄,-0.6970568299293518
꺼거,-0.6970568299293518
띄태,-0.6970568299293518
빠탸,-0.6970568299293518
쿼때,-0.6970568299293518
찌뎌,-0.6970568299293518
트뀨,-0.6970568299293518
뷔뾰,-0.6970568299293518
다짜,-0.6970568299293518
껴류,-0.6970568299293518
쟤촤,-0.6970568299293518
꺼셰,-0.6970568299293518
째쑤,-0.6970568299293518
더따,-0.6970568299293518
쩨때,-0.6970568299293518
토빠,-0.6970568299293518
죠빼,-0.6970568299293518
혀쟤,-0.6970568299293518
머쇠,-0.6970568299293518
뀌뤠,-0.6970568299293518
쿠삐,-0.6970568299293518
쟤써,-0.6970568299293518
쯔꾜,-0.6970568299293518
퓌쐐,-0.6970568299293518
찌췌,-0.6970568299293518
쑈혜,-0.6970568299293518
쒀쉐,-0.6970568299293518
쩌류,-0.6970568299293518
취귀,-0.6970568299293518
쩨뉘,-0.6970568299293518
뚜춰,-0.6970568299293518
뷔쏘,-0.6970568299293518
디빼,-0.6970568299293518
뢰료,-0.6970568299293518
지몌,-0.6970568299293518
으쉐,-0.6970568299293518
뤼키,-0.6970568299293518
뿌더,-0.6970568299293518
르뱌,-0.6970568299293518
뀌뵤,-0.6970568299293518
퓨쭤,-0.6970568299293518
뭬뛰,-0.6970568299293518
께톼,-0.6970568299293518
디뤼,-0.6970568299293518
워쟈,-0.6970568299293518
쳬쁘,-0.6970568299293518
죄그,-0.6970568299293518
께타,-0.6970568299293518
묘홰,-0.6970568299293518
뷔뎌,-0.6970568299293518
똬돼,-0.6970568299293518
되희,-0.6970568299293518
몌코,-0.6970568299293518
최댜,-0.6970568299293518
뻬홰,-0.6970568299293518
휘쉬,-0.6970568299293518
둬갸,-0.6970568299293518
쇼떼,-0.6970568299293518
쥐즈,-0.6970568299293518
뾰쇠,-0.6970568299293518
뒈게,-0.6970568299293518
뎌섀,-0.6970568299293518
좨쇄,-0.6970568299293518
뵈끄,-0.6970568299293518
쬐케,-0.6970568299293518
툐따,-0.6970568299293518
재캬,-0.6970568299293518
고걔,-0.6970568299293518
러휘,-0.6970568299293518
셔봬,-0.6970568299293518
쥐퓌,-0.6970568299293518
홰뀌,-0.6970568299293518
뮤뤼,-0.6970568299293518
빠녜,-0.6970568299293518
뇌나,-0.6970568299293518
취버,-0.6970568299293518
꺼보,-0.6970568299293518
녀혜,-0.6970568299293518
괘붸,-0.6970568299293518
뭬키,-0.6970568299293518
꽈배,-0.6970568299293518
놔괴,-0.6970568299293518
톄뒤,-0.6970568299293518
쪼토,-0.6970568299293518
디뙤,-0.6970568299293518
홰머,-0.6970568299293518
돠까,-0.6970568299293518
니쨔,-0.6970568299293518
째퍄,-0.6970568299293518
트꺄,-0.6970568299293518
며례,-0.6970568299293518
쮸녀,-0.6970568299293518
취돠,-0.6970568299293518
좨꾸,-0.6970568299293518
쐬퉈,-0.6970568299293518
뵈퍼,-0.6970568299293518
똬노,-0.6970568299293518
게따,-0.6970568299293518
꼐귀,-0.6970568299293518
외푀,-0.6970568299293518
봬새,-0.6970568299293518
퀘뾔,-0.6970568299293518
피꾀,-0.6970568299293518
때캐,-0.6970568299293518
튀쉐,-0.6970568299293518
펴뜨,-0.6970568299293518
해캬,-0.6970568299293518
쫴띠,-0.6970568299293518
겨똬,-0.6970568299293518
퍄쓰,-0.6970568299293518
자회,-0.6970568299293518
몌퀘,-0.6970568299293518
뒈콰,-0.6970568299293518
퓌쑤,-0.6970568299293518
세혜,-0.6970568299293518
쎄쟤,-0.6970568299293518
쌔챠,-0.6970568299293518
뛰뛰,-0.6970568299293518
데뺘,-0.6970568299293518
키쨔,-0.6970568299293518
워때,-0.6970568299293518
댜뒈,-0.6970568299293518
뚜눠,-0.6970568299293518
후퇘,-0.6970568299293518
스쪄,-0.6970568299293518
뾰더,-0.6970568299293518
띠취,-0.6970568299293518
쒸포,-0.6970568299293518
뷰폐,-0.6970568299293518
너쫴,-0.6970568299293518
꺄띠,-0.6970568299293518
꼐뵤,-0.6970568299293518
튀큐,-0.6970568299293518
뺘서,-0.6970568299293518
퍄오,-0.6970568299293518
얘히,-0.6970568299293518
쐐붸,-0.6970568299293518
겨되,-0.6970568299293518
줘휘,-0.6970568299293518
혜해,-0.6970568299293518
붜짜,-0.6970568299293518
켸뒤,-0.6970568299293518
뛔뮤,-0.6970568299293518
더꽤,-0.6970568299293518
꾸저,-0.6970568299293518
뛔표,-0.6970568299293518
타례,-0.6970568299293518
뾰휘,-0.6970568299293518
노꺼,-0.6970568299293518
쀼효,-0.6970568299293518
뀌좌,-0.6970568299293518
계혜,-0.6970568299293518
꼬돠,-0.6970568299293518
미례,-0.6970568299293518
귀세,-0.6970568299293518
꼐쳬,-0.6970568299293518
쇄쿼,-0.6970568299293518
뀌후,-0.6970568299293518
쮜죄,-0.6970568299293518
꼐씌,-0.6970568299293518
페빼,-0.6970568299293518
께좌,-0.6970568299293518
게뒤,-0.6970568299293518
쟈위,-0.6970568299293518
뱌갸,-0.6970568299293518
계페,-0.6970568299293518
쩌뀌,-0.6970568299293518
꺄툐,-0.6970568299293518
위좌,-0.6970568299293518
네뚜,-0.6970568299293518
챠봐,-0.6970568299293518
쯔솨,-0.6970568299293518
쎄녜,-0.6970568299293518
섀꺄,-0.6970568299293518
쮜따,-0.6970568299293518
뷔쉐,-0.6970568299293518
홰쎄,-0.6970568299293518
홰메,-0.6970568299293518
우뀌,-0.6970568299293518
눠웨,-0.6970568299293518
뻐햐,-0.6970568299293518
꺼과,-0.6970568299293518
펴퀘,-0.6970568299293518
뾰쉬,-0.6970568299293518
쩌데,-0.6970568299293518
레뀌,-0.6970568299293518
뺘누,-0.6970568299293518
야후,-0.6970568299293518
쬐최,-0.6970568299293518
뾰튀,-0.6970568299293518
뾰떼,-0.6970568299293518
섀거,-0.6970568299293518
리띄,-0.6970568299293518
쟤주,-0.6970568299293518
챠뭬,-0.6970568299293518
홰쑈,-0.6970568299293518
쩌쵸,-0.6970568299293518
눼뤠,-0.6970568299293518
쬐크,-0.6970568299293518
혀튀,-0.6970568299293518
쬐해,-0.6970568299293518
깨콰,-0.6970568299293518
홰타,-0.6970568299293518
쐬쪄,-0.6970568299293518
꼬콰,-0.6970568299293518
꽤샤,-0.6970568299293518
짜뾔,-0.6970568299293518
쁘뻐,-0.6970568299293518
예바,-0.6970568299293518
따끄,-0.6970568299293518
왜표,-0.6970568299293518
됴섀,-0.6970568299293518
쇄쏘,-0.6970568299293518
태퇘,-0.6970568299293518
탸와,-0.6970568299293518
되쏘,-0.6970568299293518
쫴끄,-0.6970568299293518
뉘쫴,-0.6970568299293518
쥐뮈,-0.6970568299293518
짜똬,-0.6970568299293518
외뫄,-0.6970568299293518
쵸외,-0.6970568299293518
좨뮈,-0.6970568299293518
페꼬,-0.6970568299293518
스퀘,-0.6970568299293518
뾔히,-0.6970568299293518
쁘쵸,-0.6970568299293518
쀼휴,-0.6970568299293518
뛔쑈,-0.6970568299293518
괘뙈,-0.6970568299293518
꼬태,-0.6970568299293518
퉈퓌,-0.6970568299293518
로꿰,-0.6970568299293518
꽤퍄,-0.6970568299293518
눼애,-0.6970568299293518
혀끼,-0.6970568299293518
궤빠,-0.6970568299293518
회더,-0.6970568299293518
홰쇠,-0.6970568299293518
빠기,-0.6970568299293518
뮈미,-0.6970568299293518
쑤빼,-0.6970568299293518
퇴쐐,-0.6970568299293518
허랴,-0.6970568299293518
마튀,-0.6970568299293518
너랴,-0.6970568299293518
허쇠,-0.6970568299293518
조쇄,-0.6970568299293518
껴조,-0.6970568299293518
쳐쪄,-0.6970568299293518
뎌뻬,-0.6970568299293518
류깨,-0.6970568299293518
녜퍼,-0.6970568299293518
규뢰,-0.6970568299293518
머째,-0.6970568299293518
더웨,-0.6970568299293518
뾰기,-0.6970568299293518
므뾔,-0.6970568299293518
뙈쏘,-0.6970568299293518
마뫼,-0.6970568299293518
죄싸,-0.6970568299293518
께좨,-0.6970568299293518
후꾸,-0.6970568299293518
퓌퐈,-0.6970568299293518
쉐버,-0.6970568299293518
귀자,-0.6970568299293518
때쵸,-0.6970568299293518
쮜느,-0.6970568299293518
켜궤,-0.6970568299293518
훼로,-0.6970568299293518
뎨회,-0.6970568299293518
오왜,-0.6970568299293518
유몌,-0.6970568299293518
햐미,-0.6970568299293518
샤차,-0.6970568299293518
몌좌,-0.6970568299293518
뇌쑈,-0.6970568299293518
되티,-0.6970568299293518
궈괘,-0.6970568299293518
뭬겨,-0.6970568299293518
뷰뙈,-0.6970568299293518
얘녜,-0.6970568299293518
껴쥬,-0.6970568299293518
프똬,-0.6970568299293518
위퍄,-0.6970568299293518
튀과,-0.6970568299293518
루뤠,-0.6970568299293518
셰베,-0.6970568299293518
뱌크,-0.6970568299293518
쁘자,-0.6970568299293518
먀코,-0.6970568299293518
코쥐,-0.6970568299293518
쟤의,-0.6970568299293518
촤죄,-0.6970568299293518
쬐랴,-0.6970568299293518
뾔뙈,-0.6970568299293518
네햐,-0.6970568299293518
쾨녜,-0.6970568299293518
괴서,-0.6970568299293518
예랴,-0.6970568299293518
피깨,-0.6970568299293518
례뤄,-0.6970568299293518
루휘,-0.6970568299293518
휴꿔,-0.6970568299293518
가퉤,-0.6970568299293518
계놔,-0.6970568299293518
새뻬,-0.6970568299293518
쇠브,-0.6970568299293518
류좨,-0.6970568299293518
자뮈,-0.6970568299293518
추취,-0.6970568299293518
꺼배,-0.6970568299293518
갸개,-0.6970568299293518
귀쭈,-0.6970568299293518
퓨또,-0.6970568299293518
뱌걔,-0.6970568299293518
뇨퇴,-0.6970568299293518
뷰쩌,-0.6970568299293518
쥐훠,-0.6970568299293518
뎨다,-0.6970568299293518
루괘,-0.6970568299293518
과눼,-0.6970568299293518
터얘,-0.6970568299293518
췌외,-0.6970568299293518
투꿰,-0.6970568299293518
미휘,-0.6970568299293518
뒤개,-0.6970568299293518
쾨쐬,-0.6970568299293518
위뮤,-0.6970568299293518
꾜듸,-0.6970568299293518
봐되,-0.6970568299293518
먀긔,-0.6970568299293518
꼐으,-0.6970568299293518
왜펴,-0.6970568299293518
돼뇨,-0.6970568299293518
뇌베,-0.6970568299293518
쇄으,-0.6970568299293518
탸똬,-0.6970568299293518
싸띄,-0.6970568299293518
췌쩌,-0.6970568299293518
폐쯔,-0.6970568299293518
따꿰,-0.6970568299293518
왜라,-0.6970568299293518
졔하,-0.6970568299293518
패폐,-0.6970568299293518
쾨춰,-0.6970568299293518
더줴,-0.6970568299293518
뙈께,-0.6970568299293518
시뺘,-0.6970568299293518
벼뗘,-0.6970568299293518
봬니,-0.6970568299293518
효줴,-0.6970568299293518
계돼,-0.6970568299293518
쇠뛰,-0.6970568299293518
폐주,-0.6970568299293518
히까,-0.6970568299293518
하봬,-0.6970568299293518
죄듸,-0.6970568299293518
빼롸,-0.6970568299293518
춰뵈,-0.6970568299293518
빼뤄,-0.6970568299293518
퀘묘,-0.6970568299293518
쫴갸,-0.6970568299293518
쫘서,-0.6970568299293518
뾰최,-0.6970568299293518
쮜고,-0.6970568299293518
꺄페,-0.6970568299293518
괴더,-0.6970568299293518
느돼,-0.6970568299293518
뮈좌,-0.6970568299293518
라쩌,-0.6970568299293518
댜쇄,-0.6970568299293518
쐬하,-0.6970568299293518
호뺘,-0.6970568299293518
셰레,-0.6970568299293518
웨해,-0.6970568299293518
빠쉐,-0.6970568299293518
쑤뀨,-0.6970568299293518
뻐빠,-0.6970568299293518
저빼,-0.6970568299293518
셔뎨,-0.6970568299293518
퀘이,-0.6970568299293518
버례,-0.6970568299293518
푸빠,-0.6970568299293518
츠떼,-0.6970568299293518
쇄며,-0.6970568299293518
뻬꽈,-0.6970568299293518
쾨꾸,-0.6970568299293518
쥬짜,-0.6970568299293518
쒸쿄,-0.6970568299293518
패깨,-0.6970568299293518
뒤꺄,-0.6970568299293518
체몌,-0.6970568299293518
쮸씌,-0.6970568299293518
탸애,-0.6970568299293518
쁘졔,-0.6970568299293518
위괘,-0.6970568299293518
혀쩨,-0.6970568299293518
그쉬,-0.6970568299293518
외베,-0.6970568299293518
계댜,-0.6970568299293518
니뽀,-0.6970568299293518
혜워,-0.6970568299293518
취씨,-0.6970568299293518
홰다,-0.6970568299293518
으쨔,-0.6970568299293518
새댜,-0.6970568299293518
왜부,-0.6970568299293518
꽈와,-0.6970568299293518
즈뚜,-0.6970568299293518
비퀴,-0.6970568299293518
괘위,-0.6970568299293518
괴혀,-0.6970568299293518
쨔녜,-0.6970568299293518
또뷔,-0.6970568299293518
프쪼,-0.6970568299293518
쯔와,-0.6970568299293518
톄뀨,-0.6970568299293518
료혜,-0.6970568299293518
켸꾸,-0.6970568299293518
쏴쮸,-0.6970568299293518
죄퀴,-0.6970568299293518
쉬예,-0.6970568299293518
때늬,-0.6970568299293518
비랴,-0.6970568299293518
뻐왜,-0.6970568299293518
걔꺼,-0.6970568299293518
푀큐,-0.6970568299293518
끄퐈,-0.6970568299293518
녜봐,-0.6970568299293518
눼의,-0.6970568299293518
혜푀,-0.6970568299293518
쭈죄,-0.6970568299293518
켸뜨,-0.6970568299293518
홰쾌,-0.6970568299293518
뇌둬,-0.6970568299293518
페뉘,-0.6970568299293518
걔내,-0.6970568299293518
예크,-0.6970568299293518
뫼떼,-0.6970568299293518
끼푸,-0.6970568299293518
뫄뛔,-0.6970568299293518
회껴,-0.6970568299293518
뷔휴,-0.6970568299293518
겨뺘,-0.6970568299293518
디째,-0.6970568299293518
꼐가,-0.6970568299293518
괴퀴,-0.6970568299293518
교푀,-0.6970568299293518
댜쾨,-0.6970568299293518
쳬튜,-0.6970568299293518
뿌버,-0.6970568299293518
쳐뛔,-0.6970568299293518
즈쭈,-0.6970568299293518
꽤규,-0.6970568299293518
래예,-0.6970568299293518
으뜨,-0.6970568299293518
줘빠,-0.6970568299293518
짜례,-0.6970568299293518
귀처,-0.6970568299293518
뿌퉈,-0.6970568299293518
셰아,-0.6970568299293518
폐쫴,-0.6970568299293518
헤예,-0.6970568299293518
휘쒀,-0.6970568299293518
퀘토,-0.6970568299293518
외궈,-0.6970568299293518
뉘씌,-0.6970568299293518
카얘,-0.6970568299293518
뙈왜,-0.6970568299293518
취듸,-0.6970568299293518
쿠꺼,-0.6970568299293518
졔그,-0.6970568299293518
뾔쵸,-0.6970568299293518
서쐐,-0.6970568299293518
쳐뤠,-0.6970568299293518
트뉘,-0.6970568299293518
조띄,-0.6970568299293518
슈뗘,-0.6970568299293518
캬꾜,-0.6970568299293518
니뒤,-0.6970568299293518
뤠로,-0.6970568299293518
똬꿔,-0.6970568299293518
쇼쫘,-0.6970568299293518
페뼈,-0.6970568299293518
회취,-0.6970568299293518
싸홰,-0.6970568299293518
햐츠,-0.6970568299293518
쒜캐,-0.6970568299293518
여꽈,-0.6970568299293518
테뿌,-0.6970568299293518
례츄,-0.6970568299293518
보쭈,-0.6970568299293518
괴자,-0.6970568299293518
쎄쟈,-0.6970568299293518
죄테,-0.6970568299293518
폐뱌,-0.6970568299293518
드쪄,-0.6970568299293518
끄료,-0.6970568299293518
회셔,-0.6970568299293518
푀몌,-0.6970568299293518
펴죄,-0.6970568299293518
그깨,-0.6970568299293518
무뾰,-0.6970568299293518
어퓌,-0.6970568299293518
과쁘,-0.6970568299293518
졔져,-0.6970568299293518
모회,-0.6970568299293518
걔다,-0.6970568299293518
몌재,-0.6970568299293518
캬티,-0.6970568299293518
회꾀,-0.6970568299293518
줘얘,-0.6970568299293518
워혜,-0.6970568299293518
웨쑈,-0.6970568299293518
머계,-0.6970568299293518
퉈떠,-0.6970568299293518
꾸네,-0.6970568299293518
씌쫴,-0.6970568299293518
췌쫴,-0.6970568299293518
쇼끄,-0.6970568299293518
캬하,-0.6970568299293518
쨔가,-0.6970568299293518
봬쏴,-0.6970568299293518
과뉘,-0.6970568299293518
괘배,-0.6970568299293518
휘꾜,-0.6970568299293518
끼쟤,-0.6970568299293518
회돼,-0.6970568299293518
띄례,-0.6970568299293518
자외,-0.6970568299293518
쀼위,-0.6970568299293518
째느,-0.6970568299293518
웨머,-0.6970568299293518
쨔쳬,-0.6970568299293518
뽀저,-0.6970568299293518
프빼,-0.6970568299293518
먀에,-0.6970568299293518
보뚜,-0.6970568299293518
쥬끼,-0.6970568299293518
뮤뷔,-0.6970568299293518
셰줘,-0.6970568299293518
흐쪼,-0.6970568299293518
꼬처,-0.6970568299293518
어까,-0.6970568299293518
회쉬,-0.6970568299293518
따뻐,-0.6970568299293518
끼새,-0.6970568299293518
째비,-0.6970568299293518
냐타,-0.6970568299293518
뻐버,-0.6970568299293518
세뛰,-0.6970568299293518
녀까,-0.6970568299293518
토꺼,-0.6970568299293518
께소,-0.6970568299293518
례저,-0.6970568299293518
듸몌,-0.6970568299293518
뾔호,-0.6970568299293518
쬐휘,-0.6970568299293518
쐐퓨,-0.6970568299293518
퀘계,-0.6970568299293518
티쟈,-0.6970568299293518
대뗘,-0.6970568299293518
뺘훠,-0.6970568299293518
웨붜,-0.6970568299293518
솨쩨,-0.6970568299293518
꺼소,-0.6970568299293518
듀야,-0.6970568299293518
지뤠,-0.6970568299293518
퓌쏴,-0.6970568299293518
꺄뙈,-0.6970568299293518
세쮜,-0.6970568299293518
뫼시,-0.6970568299293518
씨괴,-0.6970568299293518
짜써,-0.6970568299293518
가뫼,-0.6970568299293518
쫴쐐,-0.6970568299293518
워쫘,-0.6970568299293518
째슈,-0.6970568299293518
쬐노,-0.6970568299293518
쐐졔,-0.6970568299293518
소뾰,-0.6970568299293518
꽤나,-0.6970568299293518
쩨끼,-0.6970568299293518
떼느,-0.6970568299293518
랴녜,-0.6970568299293518
태얘,-0.6970568299293518
늬쩨,-0.6970568299293518
쏴붸,-0.6970568299293518
뵈주,-0.6970568299293518
뫄쒜,-0.6970568299293518
쒸미,-0.6970568299293518
뉘쑈,-0.6970568299293518
보뢰,-0.6970568299293518
쪼니,-0.6970568299293518
퇘뷰,-0.6970568299293518
쉐뻬,-0.6970568299293518
쟤고,-0.6970568299293518
웨쒀,-0.6970568299293518
왜뤄,-0.6970568299293518
퇴슈,-0.6970568299293518
쉬좌,-0.6970568299293518
쒸푀,-0.6970568299293518
왜벼,-0.6970568299293518
머졔,-0.6970568299293518
쉐께,-0.6970568299293518
꿰쭤,-0.6970568299293518
챠쇠,-0.6970568299293518
쭤때,-0.6970568299293518
퓨떠,-0.6970568299293518
여쥐,-0.6970568299293518
재뵈,-0.6970568299293518
개쭤,-0.6970568299293518
누졔,-0.6970568299293518
뷔끄,-0.6970568299293518
댜귀,-0.6970568299293518
똬치,-0.6970568299293518
쇄뤄,-0.6970568299293518
쾨걔,-0.6970568299293518
퓌매,-0.6970568299293518
폐저,-0.6970568299293518
볘괘,-0.6970568299293518
캬씨,-0.6970568299293518
궈푀,-0.6970568299293518
가꽤,-0.6970568299293518
뇌고,-0.6970568299293518
췌쓰,-0.6970568299293518
퉤쮜,-0.6970568299293518
꺄뫼,-0.6970568299293518
푀뎌,-0.6970568299293518
쭤퀴,-0.6970568299293518
폐지,-0.6970568299293518
쒀뇌,-0.6970568299293518
즈삐,-0.6970568299293518
새궤,-0.6970568299293518
쒸쥐,-0.6970568299293518
찌버,-0.6970568299293518
셰자,-0.6970568299293518
폐쐬,-0.6970568299293518
톼야,-0.6970568299293518
탸뻐,-0.6970568299293518
켜봬,-0.6970568299293518
데띠,-0.6970568299293518
띄켸,-0.6970568299293518
예뛰,-0.6970568299293518
몌다,-0.6970568299293518
최시,-0.6970568299293518
파퍄,-0.6970568299293518
섀캐,-0.6970568299293518
퀴조,-0.6970568299293518
취꼐,-0.6970568299293518
무껴,-0.6970568299293518
짜푀,-0.6970568299293518
뀨듀,-0.6970568299293518
리퉤,-0.6970568299293518
퓌쳬,-0.6970568299293518
똬뎌,-0.6970568299293518
와떼,-0.6970568299293518
괴쇄,-0.6970568299293518
궤늬,-0.6970568299293518
꿰빼,-0.6970568299293518
뷰뺘,-0.6970568299293518
붸겨,-0.6970568299293518
새퓌,-0.6970568299293518
테뙤,-0.6970568299293518
조꾀,-0.6970568299293518
톄튜,-0.6970568299293518
효빼,-0.6970568299293518
냐째,-0.6970568299293518
페뤠,-0.6970568299293518
보왜,-0.6970568299293518
쩨케,-0.6970568299293518
느뜨,-0.6970568299293518
저뜨,-0.6970568299293518
꿔뇨,-0.6970568299293518
뺘쮸,-0.6970568299293518
좨퀘,-0.6970568299293518
쩨데,-0.6970568299293518
테눼,-0.6970568299293518
톼쬐,-0.6970568299293518
히끼,-0.6970568299293518
저댜,-0.6970568299293518
쾌수,-0.6970568299293518
아쇠,-0.6970568299293518
꼐브,-0.6970568299293518
푀소,-0.6970568299293518
따듸,-0.6970568299293518
뿌위,-0.6970568299293518
다꾀,-0.6970568299293518
샤례,-0.6970568299293518
쮜뙤,-0.6970568299293518
뵈뤠,-0.6970568299293518
쾌교,-0.6970568299293518
쇠쌔,-0.6970568299293518
묘뙈,-0.6970568299293518
쒀꽈,-0.6970568299293518
세쯔,-0.6970568299293518
껴둬,-0.6970568299293518
꿰쫘,-0.6970568299293518
쟈트,-0.6970568299293518
피띠,-0.6970568299293518
뮈시,-0.6970568299293518
노껴,-0.6970568299293518
래쪼,-0.6970568299293518
셰쿄,-0.6970568299293518
쥐투,-0.6970568299293518
퉈뫼,-0.6970568299293518
푸빼,-0.6970568299293518
줴쟈,-0.6970568299293518
회너,-0.6970568299293518
느셰,-0.6970568299293518
쏴댜,-0.6970568299293518
랴늬,-0.6970568299293518
봐섀,-0.6970568299293518
훠녜,-0.6970568299293518
쿄쭤,-0.6970568299293518
쯔겨,-0.6970568299293518
퓌걔,-0.6970568299293518
뙤쩨,-0.6970568299293518
드뎨,-0.6970568299293518
투최,-0.6970568299293518
늬뵈,-0.6970568299293518
뵤쇠,-0.6970568299293518
갸퍼,-0.6970568299293518
꽤둬,-0.6970568299293518
뇌세,-0.6970568299293518
교꾀,-0.6970568299293518
취튀,-0.6970568299293518
훠쇄,-0.6970568299293518
쳐퇴,-0.6970568299293518
춰야,-0.6970568299293518
눼어,-0.6970568299293518
쾌고,-0.6970568299293518
두뵈,-0.6970568299293518
퇘네,-0.6970568299293518
탸교,-0.6970568299293518
퍄삐,-0.6970568299293518
뙤듸,-0.6970568299293518
꾜쿼,-0.6970568299293518
훼외,-0.6970568299293518
꾜버,-0.6970568299293518
퀘쪼,-0.6970568299293518
의짜,-0.6970568299293518
햐쏴,-0.6970568299293518
캬과,-0.6970568299293518
듸쪼,-0.6970568299293518
폐네,-0.6970568299293518
뗘노,-0.6970568299293518
거훼,-0.6970568299293518
해뀌,-0.6970568299293518
띄묘,-0.6970568299293518
촤햐,-0.6970568299293518
빠쒜,-0.6970568299293518
좨데,-0.6970568299293518
퉈위,-0.6970568299293518
화꼬,-0.6970568299293518
뼈구,-0.6970568299293518
데꾀,-0.6970568299293518
떼쒀,-0.6970568299293518
졔시,-0.6970568299293518
삐씌,-0.6970568299293518
휘퇘,-0.6970568299293518
챠꺄,-0.6970568299293518
똬뾰,-0.6970568299293518
혜소,-0.6970568299293518
큐쭤,-0.6970568299293518
머꽤,-0.6970568299293518
햐츄,-0.6970568299293518
츠퇴,-0.6970568299293518
꿔너,-0.6970568299293518
챠스,-0.6970568299293518
짜태,-0.6970568299293518
괴뛰,-0.6970568299293518
돼셔,-0.6970568299293518
떼크,-0.6970568299293518
쪄째,-0.6970568299293518
파꿔,-0.6970568299293518
터뺘,-0.6970568299293518
퍼뀌,-0.6970568299293518
뼈뮈,-0.6970568299293518
아웨,-0.6970568299293518
따의,-0.6970568299293518
쭤쪄,-0.6970568299293518
켸째,-0.6970568299293518
빠뻬,-0.6970568299293518
퀴둬,-0.6970568299293518
뻐더,-0.6970568299293518
쟤우,-0.6970568299293518
키셰,-0.6970568299293518
퀴쓰,-0.6970568299293518
푸떼,-0.6970568299293518
짜폐,-0.6970568299293518
오띄,-0.6970568299293518
워끼,-0.6970568299293518
냐돼,-0.6970568299293518
뷔퇘,-0.6970568299293518
퀘췌,-0.6970568299293518
띠꼐,-0.6970568299293518
패냐,-0.6970568299293518
촤섀,-0.6970568299293518
돠퀴,-0.6970568299293518
리톄,-0.6970568299293518
빼태,-0.6970568299293518
홰의,-0.6970568299293518
쮜쵸,-0.6970568299293518
꽈뵤,-0.6970568299293518
튀뢰,-0.6970568299293518
둬뾔,-0.6970568299293518
뵈류,-0.6970568299293518
돠뭬,-0.6970568299293518
타떼,-0.6970568299293518
툐찌,-0.6970568299293518
뷰댜,-0.6970568299293518
탸취,-0.6970568299293518
꺄규,-0.6970568299293518
뢰쓰,-0.6970568299293518
뉘되,-0.6970568299293518
쇼뉘,-0.6970568299293518
쪼톼,-0.6970568299293518
휘빼,-0.6970568299293518
갸되,-0.6970568299293518
짜빼,-0.6970568299293518
튀지,-0.6970568299293518
폐뎨,-0.6970568299293518
꿰뮤,-0.6970568299293518
쉐봐,-0.6970568299293518
퀘씌,-0.6970568299293518
뫼애,-0.6970568299293518
이똬,-0.6970568299293518
쫴놔,-0.6970568299293518
늬퉤,-0.6970568299293518
줴싸,-0.6970568299293518
뛰쵸,-0.6970568299293518
뙈부,-0.6970568299293518
꼐뢰,-0.6970568299293518
쥐쇠,-0.6970568299293518
위뤼,-0.6970568299293518
휘뇌,-0.6970568299293518
꽈텨,-0.6970568299293518
뭬꿔,-0.6970568299293518
쉐워,-0.6970568299293518
똬퀘,-0.6970568299293518
듀뻐,-0.6970568299293518
혜늬,-0.6970568299293518
꾀프,-0.6970568299293518
뀨께,-0.6970568299293518
쨔뤄,-0.6970568299293518
쐐뾰,-0.6970568299293518
눼춰,-0.6970568299293518
해좨,-0.6970568299293518
귀루,-0.6970568299293518
쫘스,-0.6970568299293518
쥐퀴,-0.6970568299293518
네봬,-0.6970568299293518
뜨브,-0.6970568299293518
뱌그,-0.6970568299293518
뒤보,-0.6970568299293518
퇴다,-0.6970568299293518
뵈띄,-0.6970568299293518
웨춰,-0.6970568299293518
쾌테,-0.6970568299293518
퓌료,-0.6970568299293518
섀에,-0.6970568299293518
쇄좌,-0.6970568299293518
줴톼,-0.6970568299293518
때시,-0.6970568299293518
야셰,-0.6970568299293518
쏘쭈,-0.6970568299293518
샤꾸,-0.6970568299293518
틔캬,-0.6970568299293518
퀴셔,-0.6970568299293518
쉬똬,-0.6970568299293518
눠빠,-0.6970568299293518
셰우,-0.6970568299293518
카죄,-0.6970568299293518
츠좨,-0.6970568299293518
뒤드,-0.6970568299293518
뾰희,-0.6970568299293518
겨취,-0.6970568299293518
놔걔,-0.6970568299293518
훼뵈,-0.6970568299293518
뤠듀,-0.6970568299293518
퍄데,-0.6970568299293518
훠돼,-0.6970568299293518
쯔쇄,-0.6970568299293518
제회,-0.6970568299293518
띄서,-0.6970568299293518
놔꾸,-0.6970568299293518
쾨쮜,-0.6970568299293518
샤회,-0.6970568299293518
귀뒤,-0.6970568299293518
훼츠,-0.6970568299293518
싸갸,-0.6970568299293518
뛔쩨,-0.6970568299293518
료뎨,-0.6970568299293518
솨뾰,-0.6970568299293518
꿰내,-0.6970568299293518
눼퓌,-0.6970568299293518
샤퇘,-0.6970568299293518
져뮈,-0.6970568299293518
게붸,-0.6970568299293518
쬐레,-0.6970568299293518
뗘모,-0.6970568299293518
푸뼈,-0.6970568299293518
튀드,-0.6970568299293518
퇘봐,-0.6970568299293518
눼쾌,-0.6970568299293518
좌뵈,-0.6970568299293518
뎨구,-0.6970568299293518
과뫼,-0.6970568299293518
쮜뤄,-0.6970568299293518
퍄꾀,-0.6970568299293518
쬐튀,-0.6970568299293518
브뙈,-0.6970568299293518
재뻬,-0.6970568299293518
쩌쐐,-0.6970568299293518
꾀쇼,-0.6970568299293518
쾨초,-0.6970568299293518
퀘머,-0.6970568299293518
뒈뮈,-0.6970568299293518
끼쮜,-0.6970568299293518
쏴쩌,-0.6970568299293518
쁘꾀,-0.6970568299293518
토퓌,-0.6970568299293518
짜뤄,-0.6970568299293518
뤠좨,-0.6970568299293518
예퀘,-0.6970568299293518
좌쟤,-0.6970568299293518
뛔자,-0.6970568299293518
괘씌,-0.6970568299293518
똬웨,-0.6970568299293518
따쁘,-0.6970568299293518
띄느,-0.6970568299293518
찌웨,-0.6970568299293518
뤄께,-0.6970568299293518
뒈아,-0.6970568299293518
죠괘,-0.6970568299293518
쇄쟤,-0.6970568299293518
캐깨,-0.6970568299293518
써꽤,-0.6970568299293518
교뫼,-0.6970568299293518
쳐봬,-0.6970568299293518
뫼드,-0.6970568299293518
가섀,-0.6970568299293518
돠찌,-0.6970568299293518
줴볘,-0.6970568299293518
저췌,-0.6970568299293518
여퀘,-0.6970568299293518
꼬췌,-0.6970568299293518
퀴눼,-0.6970568299293518
아쾌,-0.6970568299293518
겨꼬,-0.6970568299293518
뼈뼈,-0.6970568299293518
괴꺄,-0.6970568299293518
으셰,-0.6970568299293518
묘꾜,-0.6970568299293518
떼므,-0.6970568299293518
최쀼,-0.6970568299293518
데뻐,-0.6970568299293518
쇄뛰,-0.6970568299293518
뫼혀,-0.6970568299293518
채녜,-0.6970568299293518
댜머,-0.6970568299293518
췌롸,-0.6970568299293518
타뙤,-0.6970568299293518
궤눼,-0.6970568299293518
휘뗘,-0.6970568299293518
꾀표,-0.6970568299293518
졔짜,-0.6970568299293518
퇴겨,-0.6970568299293518
쪄줴,-0.6970568299293518
퇘드,-0.6970568299293518
뭐취,-0.6970568299293518
꾀혜,-0.6970568299293518
더뙈,-0.6970568299293518
주취,-0.6970568299293518
뛔세,-0.6970568299293518
쓰톄,-0.6970568299293518
퀘샤,-0.6970568299293518
푸쒜,-0.6970568299293518
쒸뭬,-0.6970568299293518
늬눼,-0.6970568299293518
추껴,-0.6970568299293518
쉬파,-0.6970568299293518
데웨,-0.6970568299293518
꾀셰,-0.6970568299293518
웨혜,-0.6970568299293518
며쉬,-0.6970568299293518
러퉤,-0.6970568299293518
쪄화,-0.6970568299293518
쮸듸,-0.6970568299293518
벼쾨,-0.6970568299293518
괴꿰,-0.6970568299293518
듸댜,-0.6970568299293518
후쫴,-0.6970568299293518
뾔챠,-0.6970568299293518
쑤뒈,-0.6970568299293518
뤄뱌,-0.6970568299293518
부똬,-0.6970568299293518
퓌뽀,-0.6970568299293518
토뒤,-0.6970568299293518
귀추,-0.6970568299293518
포꽤,-0.6970568299293518
퐈퀘,-0.6970568299293518
켸쪄,-0.6970568299293518
례데,-0.6970568299293518
구퉤,-0.6970568299293518
때츠,-0.6970568299293518
죄티,-0.6970568299293518
튜뙈,-0.6970568299293518
쭤켜,-0.6970568299293518
꾀셔,-0.6970568299293518
즈귀,-0.6970568299293518
예캐,-0.6970568299293518
타꿔,-0.6970568299293518
꺼뎨,-0.6970568299293518
쏴찌,-0.6970568299293518
다또,-0.6970568299293518
쭤셰,-0.6970568299293518
샤제,-0.6970568299293518
꺼매,-0.6970568299293518
쩌켸,-0.6970568299293518
로쇠,-0.6970568299293518
캐퇘,-0.6970568299293518
괴섀,-0.6970568299293518
벼녜,-0.6970568299293518
짜쒸,-0.6970568299293518
리깨,-0.6970568299293518
쫴쟤,-0.6970568299293518
됴퇴,-0.6970568299293518
꾜묘,-0.6970568299293518
캬마,-0.6970568299293518
꽤터,-0.6970568299293518
혜놔,-0.6970568299293518
쭤뙤,-0.6970568299293518
뻐댜,-0.6970568299293518
쐐뇨,-0.6970568299293518
왜프,-0.6970568299293518
표훼,-0.6970568299293518
괘나,-0.6970568299293518
숴쾌,-0.6970568299293518
파띄,-0.6970568299293518
뾔뙤,-0.6970568299293518
붜쐬,-0.6970568299293518
치왜,-0.6970568299293518
섀랴,-0.6970568299293518
쪄코,-0.6970568299293518
뷔찌,-0.6970568299293518
뺘붜,-0.6970568299293518
쀼쪄,-0.6970568299293518
최깨,-0.6970568299293518
쨔벼,-0.6970568299293518
저쪼,-0.6970568299293518
코쨔,-0.6970568299293518
뭬듸,-0.6970568299293518
뾰똬,-0.6970568299293518
놔꺼,-0.6970568299293518
갸유,-0.6970568299293518
똬아,-0.6970568299293518
꺄포,-0.6970568299293518
쬐나,-0.6970568299293518
야취,-0.6970568299293518
췌소,-0.6970568299293518
똬뙤,-0.6970568299293518
쪄누,-0.6970568299293518
퀘꽤,-0.6970568299293518
붜꺄,-0.6970568299293518
쪼므,-0.6970568299293518
뻐느,-0.6970568299293518
틔쭈,-0.6970568299293518
줴쪄,-0.6970568299293518
쒜풔,-0.6970568299293518
뒤유,-0.6970568299293518
떼졔,-0.6970568299293518
뭬티,-0.6970568299293518
되놔,-0.6970568299293518
솨쉐,-0.6970568299293518
크쐐,-0.6970568299293518
뉘스,-0.6970568299293518
께꽈,-0.6970568299293518
봬뱌,-0.6970568299293518
냐뉴,-0.6970568299293518
뤠뎨,-0.6970568299293518
수냐,-0.6970568299293518
퇘까,-0.6970568299293518
사꽈,-0.6970568299293518
쑈꾀,-0.6970568299293518
톄페,-0.6970568299293518
꾸됴,-0.6970568299293518
쿼쯔,-0.6970568299293518
뚜꼐,-0.6970568299293518
톼쫴,-0.6970568299293518
얘카,-0.6970568299293518
귀도,-0.6970568299293518
쉐쩌,-0.6970568299293518
좨몌,-0.6970568299293518
걔쏘,-0.6970568299293518
훼쉐,-0.6970568299293518
꽤그,-0.6970568299293518
훼희,-0.6970568299293518
뾔캐,-0.6970568299293518
째페,-0.6970568299293518
뺘섀,-0.6970568299293518
뤼뀨,-0.6970568299293518
쒜뷔,-0.6970568299293518
효뿌,-0.6970568299293518
까퀘,-0.6970568299293518
쫘화,-0.6970568299293518
최취,-0.6970568299293518
푀꾜,-0.6970568299293518
겨돼,-0.6970568299293518
짜더,-0.6970568299293518
쨔리,-0.6970568299293518
뵤왜,-0.6970568299293518
꺼뀨,-0.6970568299293518
꿰뀌,-0.6970568299293518
푀메,-0.6970568299293518
끄퇘,-0.6970568299293518
하꿔,-0.6970568299293518
퇴취,-0.6970568299293518
쓰갸,-0.6970568299293518
초졔,-0.6970568299293518
꾀쟤,-0.6970568299293518
이볘,-0.6970568299293518
켸탸,-0.6970568299293518
또쟤,-0.6970568299293518
쥬쇄,-0.6970568299293518
뷰꼐,-0.6970568299293518
뛔흐,-0.6970568299293518
쮸요,-0.6970568299293518
몌돼,-0.6970568299293518
취아,-0.6970568299293518
퇴쀼,-0.6970568299293518
쟈쩨,-0.6970568299293518
챠되,-0.6970568299293518
류푀,-0.6970568299293518
나뷔,-0.6970568299293518
비퇘,-0.6970568299293518
케뉘,-0.6970568299293518
쥐켜,-0.6970568299293518
호뼈,-0.6970568299293518
퍄뭐,-0.6970568299293518
뉘자,-0.6970568299293518
댜료,-0.6970568299293518
내쐐,-0.6970568299293518
희쩨,-0.6970568299293518
키혜,-0.6970568299293518
뼈뚜,-0.6970568299293518
쒜때,-0.6970568299293518
쥬챠,-0.6970568299293518
쿠눼,-0.6970568299293518
휴뾔,-0.6970568299293518
러췌,-0.6970568299293518
쪼거,-0.6970568299293518
타줴,-0.6970568299293518
놔또,-0.6970568299293518
테얘,-0.6970568299293518
쪄게,-0.6970568299293518
겨뵈,-0.6970568299293518
좨뭐,-0.6970568299293518
헤똬,-0.6970568299293518
꿔즈,-0.6970568299293518
훠뺘,-0.6970568299293518
혀뻐,-0.6970568299293518
찌케,-0.6970568299293518
찌퍄,-0.6970568299293518
챠쒜,-0.6970568299293518
꾸뵈,-0.6970568299293518
느똬,-0.6970568299293518
쳬추,-0.6970568299293518
뇨뺘,-0.6970568299293518
셔뀌,-0.6970568299293518
쮸뛔,-0.6970568299293518
겨뱌,-0.6970568299293518
쒜몌,-0.6970568299293518
퇘폐,-0.6970568299293518
놔짜,-0.6970568299293518
풔외,-0.6970568299293518
쓰꾀,-0.6970568299293518
뒤께,-0.6970568299293518
먀롸,-0.6970568299293518
빼쐬,-0.6970568299293518
자봬,-0.6970568299293518
체귀,-0.6970568299293518
홰미,-0.6970568299293518
매댜,-0.6970568299293518
붜쳬,-0.6970568299293518
폐뤄,-0.6970568299293518
주붸,-0.6970568299293518
죠챠,-0.6970568299293518
쒜머,-0.6970568299293518
탸뒤,-0.6970568299293518
똬페,-0.6970568299293518
셔퀴,-0.6970568299293518
께솨,-0.6970568299293518
눠쀼,-0.6970568299293518
댜햐,-0.6970568299293518
처냐,-0.6970568299293518
벼얘,-0.6970568299293518
히퀴,-0.6970568299293518
또푀,-0.6970568299293518
궈최,-0.6970568299293518
햐돠,-0.6970568299293518
쮸뙤,-0.6970568299293518
교셰,-0.6970568299293518
뵈띠,-0.6970568299293518
괘퇴,-0.6970568299293518
뒈케,-0.6970568299293518
꺄취,-0.6970568299293518
브최,-0.6970568299293518
푀태,-0.6970568299293518
꽤뤠,-0.6970568299293518
퇴돼,-0.6970568299293518
뭬휴,-0.6970568299293518
쩨크,-0.6970568299293518
쫘고,-0.6970568299293518
쿠퇘,-0.6970568299293518
루퀘,-0.6970568299293518
꾀댜,-0.6970568299293518
째놔,-0.6970568299293518
볘푸,-0.6970568299293518
뛔툐,-0.6970568299293518
위터,-0.6970568299293518
교눼,-0.6970568299293518
빼투,-0.6970568299293518
좨최,-0.6970568299293518
퇴누,-0.6970568299293518
괘와,-0.6970568299293518
뙤표,-0.6970568299293518
뜨며,-0.6970568299293518
뵤쫘,-0.6970568299293518
늬때,-0.6970568299293518
테때,-0.6970568299293518
볘래,-0.6970568299293518
야뒈,-0.6970568299293518
쟈띄,-0.6970568299293518
졔쾌,-0.6970568299293518
냐갸,-0.6970568299293518
쫴니,-0.6970568299293518
쐐퓌,-0.6970568299293518
쳬쾌,-0.6970568299293518
쑈쉬,-0.6970568299293518
뤼쇼,-0.6970568299293518
휘퉤,-0.6970568299293518
됴쪼,-0.6970568299293518
대캬,-0.6970568299293518
겨꿰,-0.6970568299293518
틔뇌,-0.6970568299293518
흐얘,-0.6970568299293518
뵈때,-0.6970568299293518
휴꿰,-0.6970568299293518
쟤뵈,-0.6970568299293518
깨쒸,-0.6970568299293518
회긔,-0.6970568299293518
섀뿌,-0.6970568299293518
꼬눠,-0.6970568299293518
녜쌔,-0.6970568299293518
눠졔,-0.6970568299293518
괘뇨,-0.6970568299293518
캬켸,-0.6970568299293518
꾀퓨,-0.6970568299293518
궤뤄,-0.6970568299293518
쩨쩌,-0.6970568299293518
꽈거,-0.6970568299293518
꾜켸,-0.6970568299293518
붸뙤,-0.6970568299293518
츄뾔,-0.6970568299293518
냐푀,-0.6970568299293518
희꾀,-0.6970568299293518
쵸꼬,-0.6970568299293518
어쐬,-0.6970568299293518
띄뀨,-0.6970568299293518
나쫴,-0.6970568299293518
숴쾨,-0.6970568299293518
쮜쥬,-0.6970568299293518
소떠,-0.6970568299293518
게쫴,-0.6970568299293518
퇘캐,-0.6970568299293518
버까,-0.6970568299293518
뛔재,-0.6970568299293518
퍄얘,-0.6970568299293518
쉐괘,-0.6970568299293518
쫘뛔,-0.6970568299293518
뮈훼,-0.6970568299293518
쟤너,-0.6970568299293518
꾀위,-0.6970568299293518
쵸뤠,-0.6970568299293518
쥬홰,-0.6970568299293518
얘노,-0.6970568299293518
슈쳬,-0.6970568299293518
의째,-0.6970568299293518
뇌궤,-0.6970568299293518
츠뭬,-0.6970568299293518
혀뵈,-0.6970568299293518
페띠,-0.6970568299293518
햐춰,-0.6970568299293518
섀교,-0.6970568299293518
뭐캬,-0.6970568299293518
뀨휴,-0.6970568299293518
톼뉘,-0.6970568299293518
뫼휘,-0.6970568299293518
눠갸,-0.6970568299293518
유훼,-0.6970568299293518
꺄봐,-0.6970568299293518
되배,-0.6970568299293518
괴뙈,-0.6970568299293518
촤끼,-0.6970568299293518
뒈뒈,-0.6970568299293518
퇘꽈,-0.6970568299293518
뇌묘,-0.6970568299293518
쭤뵈,-0.6970568299293518
혜쩨,-0.6970568299293518
때쒜,-0.6970568299293518
줴퇴,-0.6970568299293518
퐈쨔,-0.6970568299293518
대취,-0.6970568299293518
뵈후,-0.6970568299293518
껴쒜,-0.6970568299293518
탸예,-0.6970568299293518
뙤케,-0.6970568299293518
쟈쫴,-0.6970568299293518
뾔브,-0.6970568299293518
빠퉤,-0.6970568299293518
회푸,-0.6970568299293518
게계,-0.6970568299293518
먀나,-0.6970568299293518
꽈봬,-0.6970568299293518
녀줴,-0.6970568299293518
새뒤,-0.6970568299293518
섀써,-0.6970568299293518
채샤,-0.6970568299293518
뙈야,-0.6970568299293518
추뾔,-0.6970568299293518
탸따,-0.6970568299293518
몌띄,-0.6970568299293518
풔훼,-0.6970568299293518
쇠갸,-0.6970568299293518
췌도,-0.6970568299293518
랴폐,-0.6970568299293518
교띠,-0.6970568299293518
구꿔,-0.6970568299293518
괘트,-0.6970568299293518
쇠계,-0.6970568299293518
펴웨,-0.6970568299293518
쉐게,-0.6970568299293518
꿰퀴,-0.6970568299293518
튀대,-0.6970568299293518
뮈레,-0.6970568299293518
깨뭬,-0.6970568299293518
워뮈,-0.6970568299293518
또계,-0.6970568299293518
크꾀,-0.6970568299293518
채쳬,-0.6970568299293518
스쭤,-0.6970568299293518
꾸토,-0.6970568299293518
뵈씨,-0.6970568299293518
타뀨,-0.6970568299293518
쁘규,-0.6970568299293518
페꾸,-0.6970568299293518
쮜그,-0.6970568299293518
뛔즈,-0.6970568299293518
톄묘,-0.6970568299293518
쉐꿰,-0.6970568299293518
붸대,-0.6970568299293518
퓌뮤,-0.6970568299293518
쉬써,-0.6970568299293518
퉤최,-0.6970568299293518
모꾀,-0.6970568299293518
냐뛔,-0.6970568299293518
야챠,-0.6970568299293518
마퉤,-0.6970568299293518
따패,-0.6970568299293518
줴꾀,-0.6970568299293518
쌔뭬,-0.6970568299293518
쳬혜,-0.6970568299293518
벼퍄,-0.6970568299293518
쭤끼,-0.6970568299293518
흐뗘,-0.6970568299293518
뷔뉘,-0.6970568299293518
떠쾌,-0.6970568299293518
쟤뙤,-0.6970568299293518
뼈죄,-0.6970568299293518
두뾰,-0.6970568299293518
떼춰,-0.6970568299293518
뀨귀,-0.6970568299293518
위뫄,-0.6970568299293518
뻐녀,-0.6970568299293518
쟤쟈,-0.6970568299293518
빠때,-0.6970568299293518
꽈워,-0.6970568299293518
쭤수,-0.6970568299293518
뜨니,-0.6970568299293518
뵈터,-0.6970568299293518
뤠꿰,-0.6970568299293518
톄쒜,-0.6970568299293518
꼐세,-0.6970568299293518
회터,-0.6970568299293518
뼈꽈,-0.6970568299293518
톼똬,-0.6970568299293518
례뵈,-0.6970568299293518
쒜쯔,-0.6970568299293518
교쭤,-0.6970568299293518
류뎨,-0.6970568299293518
최둬,-0.6970568299293518
쵸쟈,-0.6970568299293518
쉬외,-0.6970568299293518
세뙤,-0.6970568299293518
꼬뮈,-0.6970568299293518
쪼츠,-0.6970568299293518
꿰베,-0.6970568299293518
쬐궤,-0.6970568299293518
르귀,-0.6970568299293518
푸뻬,-0.6970568299293518
퍄노,-0.6970568299293518
쩌쒜,-0.6970568299293518
쫘니,-0.6970568299293518
채뤼,-0.6970568299293518
톄태,-0.6970568299293518
쩌뾰,-0.6970568299293518
뵈꼬,-0.6970568299293518
쿄꺄,-0.6970568299293518
외두,-0.6970568299293518
노쉬,-0.6970568299293518
슈쾌,-0.6970568299293518
쐬표,-0.6970568299293518
바계,-0.6970568299293518
료뒈,-0.6970568299293518
됴쬐,-0.6970568299293518
먀회,-0.6970568299293518
먀꿰,-0.6970568299293518
찌로,-0.6970568299293518
큐퀘,-0.6970568299293518
얘툐,-0.6970568299293518
꽈쳐,-0.6970568299293518
뱌몌,-0.6970568299293518
세뾔,-0.6970568299293518
희찌,-0.6970568299293518
걔외,-0.6970568299293518
와눼,-0.6970568299293518
퇘보,-0.6970568299293518
쒜터,-0.6970568299293518
리훼,-0.6970568299293518
퍄똬,-0.6970568299293518
쇄뱌,-0.6970568299293518
셔뚜,-0.6970568299293518
위쪄,-0.6970568299293518
뉴튀,-0.6970568299293518
따봬,-0.6970568299293518
톄쏘,-0.6970568299293518
써졔,-0.6970568299293518
구뮈,-0.6970568299293518
뤄까,-0.6970568299293518
웨끄,-0.6970568299293518
쬐화,-0.6970568299293518
키뾰,-0.6970568299293518
쪼씌,-0.6970568299293518
껴쇼,-0.6970568299293518
께으,-0.6970568299293518
깨쀼,-0.6970568299293518
띠퇘,-0.6970568299293518
개쾨,-0.6970568299293518
쭤메,-0.6970568299293518
떠퉤,-0.6970568299293518
쿄뎨,-0.6970568299293518
몌뜨,-0.6970568299293518
드띄,-0.6970568299293518
예내,-0.6970568299293518
뻬요,-0.6970568299293518
배뢰,-0.6970568299293518
뉘기,-0.6970568299293518
봬토,-0.6970568299293518
쇠져,-0.6970568299293518
똬풔,-0.6970568299293518
뛰뱌,-0.6970568299293518
벼괘,-0.6970568299293518
괴쒸,-0.6970568299293518
주뤠,-0.6970568299293518
쪼뤄,-0.6970568299293518
예류,-0.6970568299293518
켜뭬,-0.6970568299293518
꼐스,-0.6970568299293518
봬처,-0.6970568299293518
봐꾜,-0.6970568299293518
췌채,-0.6970568299293518
표뷔,-0.6970568299293518
또쑈,-0.6970568299293518
숴얘,-0.6970568299293518
꿔끄,-0.6970568299293518
뒈걔,-0.6970568299293518
좨뤼,-0.6970568299293518
르뎨,-0.6970568299293518
줴퀘,-0.6970568299293518
며줴,-0.6970568299293518
갸얘,-0.6970568299293518
우붸,-0.6970568299293518
듸샤,-0.6970568299293518
홰봐,-0.6970568299293518
퐈돼,-0.6970568299293518
뒤취,-0.6970568299293518
뼈토,-0.6970568299293518
켸새,-0.6970568299293518
녜뉘,-0.6970568299293518
뤠라,-0.6970568299293518
솨뀨,-0.6970568299293518
쩌쇄,-0.6970568299293518
봬지,-0.6970568299293518
쒸째,-0.6970568299293518
혀섀,-0.6970568299293518
무켸,-0.6970568299293518
톄따,-0.6970568299293518
쥬뭬,-0.6970568299293518
꽈게,-0.6970568299293518
뉴따,-0.6970568299293518
빠몌,-0.6970568299293518
똬쬐,-0.6970568299293518
먀혀,-0.6970568299293518
뚜토,-0.6970568299293518
빠뇌,-0.6970568299293518
쒸케,-0.6970568299293518
쇄줘,-0.6970568299293518
꾀크,-0.6970568299293518
뾰뒈,-0.6970568299293518
쑤쪄,-0.6970568299293518
퐈쉬,-0.6970568299293518
휴께,-0.6970568299293518
푀뒤,-0.6970568299293518
파뒤,-0.6970568299293518
퉤퀴,-0.6970568299293518
훼뻐,-0.6970568299293518
듸쭤,-0.6970568299293518
쑤껴,-0.6970568299293518
트튀,-0.6970568299293518
쇄붸,-0.6970568299293518
댜깨,-0.6970568299293518
훼셰,-0.6970568299293518
쫴취,-0.6970568299293518
꼐괘,-0.6970568299293518
띄져,-0.6970568299293518
해셰,-0.6970568299293518
터끄,-0.6970568299293518
쟈풔,-0.6970568299293518
꾀됴,-0.6970568299293518
버쐬,-0.6970568299293518
르쐬,-0.6970568299293518
뻬쟤,-0.6970568299293518
캬커,-0.6970568299293518
새뙤,-0.6970568299293518
쩨갸,-0.6970568299293518
졔카,-0.6970568299293518
츠뛔,-0.6970568299293518
유붸,-0.6970568299293518
펴탸,-0.6970568299293518
써궤,-0.6970568299293518
게쒸,-0.6970568299293518
가뒤,-0.6970568299293518
쒜쏴,-0.6970568299293518
봬퓌,-0.6970568299293518
쾨주,-0.6970568299293518
쇄비,-0.6970568299293518
쪄쫘,-0.6970568299293518
탸돼,-0.6970568299293518
녀봬,-0.6970568299293518
또뙈,-0.6970568299293518
뉴햐,-0.6970568299293518
쀼꾜,-0.6970568299293518
숴쇠,-0.6970568299293518
뭬뗘,-0.6970568299293518
뛰규,-0.6970568299293518
마붸,-0.6970568299293518
회쪄,-0.6970568299293518
쪄캬,-0.6970568299293518
표뙤,-0.6970568299293518
붜냐,-0.6970568299293518
느퓌,-0.6970568299293518
죠쫘,-0.6970568299293518
꽤쁘,-0.6970568299293518
계쎄,-0.6970568299293518
붸꼬,-0.6970568299293518
쒜뉴,-0.6970568299293518
귀켸,-0.6970568299293518
휴외,-0.6970568299293518
계뿌,-0.6970568299293518
탸규,-0.6970568299293518
샤홰,-0.6970568299293518
겨좨,-0.6970568299293518
버켸,-0.6970568299293518
틔휘,-0.6970568299293518
고쐐,-0.6970568299293518
콰뿌,-0.6970568299293518
메뀌,-0.6970568299293518
쇄퀘,-0.6970568299293518
빠볘,-0.6970568299293518
꾀려,-0.6970568299293518
계뫄,-0.6970568299293518
댜궤,-0.6970568299293518
폐페,-0.6970568299293518
뉘촤,-0.6970568299293518
꾀노,-0.6970568299293518
뒈깨,-0.6970568299293518
씨봬,-0.6970568299293518
오췌,-0.6970568299293518
지뮈,-0.6970568299293518
뽀뭬,-0.6970568299293518
꾀슈,-0.6970568299293518
희뾔,-0.6970568299293518
훠뵈,-0.6970568299293518
쥬뒈,-0.6970568299293518
죄페,-0.6970568299293518
코뛰,-0.6970568299293518
섀벼,-0.6970568299293518
봐줴,-0.6970568299293518
뻐듸,-0.6970568299293518
퇘뜨,-0.6970568299293518
져튀,-0.6970568299293518
쉬페,-0.6970568299293518
홰혜,-0.6970568299293518
쾌너,-0.6970568299293518
냐쒜,-0.6970568299293518
수뱌,-0.6970568299293518
큐쟈,-0.6970568299293518
홰해,-0.6970568299293518
우쮜,-0.6970568299293518
텨좨,-0.6970568299293518
주쮸,-0.6970568299293518
계틔,-0.6970568299293518
뾔다,-0.6970568299293518
햐토,-0.6970568299293518
뽀퇴,-0.6970568299293518
푀퀘,-0.6970568299293518
숴죄,-0.6970568299293518
뼈최,-0.6970568299293518
쇼까,-0.6970568299293518
쉐메,-0.6970568299293518
쑈위,-0.6970568299293518
류찌,-0.6970568299293518
댜노,-0.6970568299293518
계사,-0.6970568299293518
뮈과,-0.6970568299293518
계눠,-0.6970568299293518
뛔꿰,-0.6970568299293518
뾔푸,-0.6970568299293518
듸홰,-0.6970568299293518
쒀햐,-0.6970568299293518
쁘례,-0.6970568299293518
데꽤,-0.6970568299293518
짜캬,-0.6970568299293518
뤠패,-0.6970568299293518
째봬,-0.6970568299293518
뵈호,-0.6970568299293518
먀겨,-0.6970568299293518
꿰디,-0.6970568299293518
줘뚜,-0.6970568299293518
됴걔,-0.6970568299293518
또뎨,-0.6970568299293518
여졔,-0.6970568299293518
퐈퉤,-0.6970568299293518
며뎨,-0.6970568299293518
뉘톼,-0.6970568299293518
귀댜,-0.6970568299293518
쏘캬,-0.6970568299293518
쀼퉤,-0.6970568299293518
께쨔,-0.6970568299293518
뇌더,-0.6970568299293518
쫘피,-0.6970568299293518
도뤠,-0.6970568299293518
끼쿠,-0.6970568299293518
퓌톼,-0.6970568299293518
태훼,-0.6970568299293518
쫘웨,-0.6970568299293518
쒸페,-0.6970568299293518
톼꺼,-0.6970568299293518
챠푀,-0.6970568299293518
쭈붜,-0.6970568299293518
쿼혜,-0.6970568299293518
쬐외,-0.6970568299293518
켜졔,-0.6970568299293518
줴튀,-0.6970568299293518
깨쥐,-0.6970568299293518
채깨,-0.6970568299293518
에되,-0.6970568299293518
쒸솨,-0.6970568299293518
휘부,-0.6970568299293518
뽀둬,-0.6970568299293518
버똬,-0.6970568299293518
챠쿼,-0.6970568299293518
까까,-0.6970568299293518
띠뼈,-0.6970568299293518
쩨듸,-0.6970568299293518
왜례,-0.6970568299293518
뛰폐,-0.6970568299293518
붸나,-0.6970568299293518
돼툐,-0.6970568299293518
쿄먀,-0.6970568299293518
쟈띠,-0.6970568299293518
쨔여,-0.6970568299293518
똬챠,-0.6970568299293518
무쩨,-0.6970568299293518
쀼래,-0.6970568299293518
껴후,-0.6970568299293518
촤계,-0.6970568299293518
돼쉐,-0.6970568299293518
되터,-0.6970568299293518
켸쉬,-0.6970568299293518
뮈포,-0.6970568299293518
너쳬,-0.6970568299293518
휘롸,-0.6970568299293518
뛰때,-0.6970568299293518
뒤배,-0.6970568299293518
태꽤,-0.6970568299293518
퇴쐬,-0.6970568299293518
떼콰,-0.6970568299293518
깨긔,-0.6970568299293518
쒜푀,-0.6970568299293518
츄뇌,-0.6970568299293518
퍄췌,-0.6970568299293518
퓨쮜,-0.6970568299293518
히궤,-0.6970568299293518
뇌췌,-0.6970568299293518
괴퀘,-0.6970568299293518
흐켸,-0.6970568299293518
째쵸,-0.6970568299293518
괘노,-0.6970568299293518
줘뮈,-0.6970568299293518
저뮈,-0.6970568299293518
취싸,-0.6970568299293518
쉬놔,-0.6970568299293518
튀채,-0.6970568299293518
뛔거,-0.6970568299293518
쇄되,-0.6970568299293518
제쇄,-0.6970568299293518
됴뾔,-0.6970568299293518
몌퇘,-0.6970568299293518
퀘춰,-0.6970568299293518
루쁘,-0.6970568299293518
보찌,-0.6970568299293518
쨔볘,-0.6970568299293518
새탸,-0.6970568299293518
쫴터,-0.6970568299293518
눠쇠,-0.6970568299293518
뗘듸,-0.6970568299293518
례과,-0.6970568299293518
쒜뤄,-0.6970568299293518
끼퉈,-0.6970568299293518
게뎨,-0.6970568299293518
기쇄,-0.6970568299293518
쿠쐐,-0.6970568299293518
퉤체,-0.6970568299293518
줴켸,-0.6970568299293518
터쟈,-0.6970568299293518
쳬키,-0.6970568299293518
서뒈,-0.6970568299293518
싸쟈,-0.6970568299293518
녀푀,-0.6970568299293518
궤푸,-0.6970568299293518
므꽤,-0.6970568299293518
괘쒜,-0.6970568299293518
꽈으,-0.6970568299293518
뤼래,-0.6970568299293518
째퀘,-0.6970568299293518
마훼,-0.6970568299293518
휘휴,-0.6970568299293518
토쉐,-0.6970568299293518
쬐서,-0.6970568299293518
뉘카,-0.6970568299293518
페또,-0.6970568299293518
끼어,-0.6970568299293518
텨뫼,-0.6970568299293518
과쫘,-0.6970568299293518
새꿰,-0.6970568299293518
걔폐,-0.6970568299293518
태녜,-0.6970568299293518
와뙈,-0.6970568299293518
죄쫴,-0.6970568299293518
랴애,-0.6970568299293518
랴끄,-0.6970568299293518
쒜어,-0.6970568299293518
혜뾔,-0.6970568299293518
쟤몌,-0.6970568299293518
뷰쟤,-0.6970568299293518
꾸꼐,-0.6970568299293518
퀴시,-0.6970568299293518
때췌,-0.6970568299293518
꼬뺘,-0.6970568299293518
콰최,-0.6970568299293518
훼겨,-0.6970568299293518
쫴셰,-0.6970568299293518
체취,-0.6970568299293518
뾔퀘,-0.6970568299293518
까쏴,-0.6970568299293518
쒸쇠,-0.6970568299293518
뙈긔,-0.6970568299293518
씌뿌,-0.6970568299293518
뺘톼,-0.6970568299293518
꽤듸,-0.6970568299293518
노뻬,-0.6970568299293518
쇼돼,-0.6970568299293518
냐쑤,-0.6970568299293518
쟈쾨,-0.6970568299293518
죄섀,-0.6970568299293518
도뼈,-0.6970568299293518
듀쬐,-0.6970568299293518
쉬차,-0.6970568299293518
꼐띠,-0.6970568299293518
리쫘,-0.6970568299293518
쮜워,-0.6970568299293518
쐐좨,-0.6970568299293518
빼쳐,-0.6970568299293518
톄드,-0.6970568299293518
째퓨,-0.6970568299293518
콰꽤,-0.6970568299293518
쯔춰,-0.6970568299293518
퓨뾰,-0.6970568299293518
쐬뷔,-0.6970568299293518
때돠,-0.6970568299293518
서뱌,-0.6970568299293518
괘뛰,-0.6970568299293518
췌꺼,-0.6970568299293518
데쩌,-0.6970568299293518
쐬쥐,-0.6970568299293518
그톄,-0.6970568299293518
쉐꽈,-0.6970568299293518
투띄,-0.6970568299293518
괴드,-0.6970568299293518
왜취,-0.6970568299293518
톄돠,-0.6970568299293518
폐껴,-0.6970568299293518
까캬,-0.6970568299293518
퀘아,-0.6970568299293518
쒸최,-0.6970568299293518
쳐뻐,-0.6970568299293518
회려,-0.6970568299293518
홰뾰,-0.6970568299293518
챠뙈,-0.6970568299293518
왜후,-0.6970568299293518
께껴,-0.6970568299293518
빠뛰,-0.6970568299293518
뛔베,-0.6970568299293518
쩨섀,-0.6970568299293518
괘섀,-0.6970568299293518
그쫘,-0.6970568299293518
처꿔,-0.6970568299293518
뗘뻬,-0.6970568299293518
쮸타,-0.6970568299293518
춰뀌,-0.6970568299293518
희취,-0.6970568299293518
꽤촤,-0.6970568299293518
죄예,-0.6970568299293518
쑈쭤,-0.6970568299293518
뢰촤,-0.6970568299293518
먀좌,-0.6970568299293518
똬춰,-0.6970568299293518
듸찌,-0.6970568299293518
췌뤄,-0.6970568299293518
볘쒸,-0.6970568299293518
돠눼,-0.6970568299293518
띄보,-0.6970568299293518
씌띄,-0.6970568299293518
뢰뭬,-0.6970568299293518
뽀훼,-0.6970568299293518
폐톼,-0.6970568299293518
샤뛔,-0.6970568299293518
쑈뷔,-0.6970568299293518
왜푀,-0.6970568299293518
뷔타,-0.6970568299293518
파꺄,-0.6970568299293518
쾌캬,-0.6970568299293518
효탸,-0.6970568299293518
띄줘,-0.6970568299293518
쾨녀,-0.6970568299293518
캬좌,-0.6970568299293518
쫘톼,-0.6970568299293518
쐬뼈,-0.6970568299293518
늬궤,-0.6970568299293518
녜혀,-0.6970568299293518
떼보,-0.6970568299293518
계해,-0.6970568299293518
뫄뜨,-0.6970568299293518
쐐얘,-0.6970568299293518
체꽈,-0.6970568299293518
뙤뀌,-0.6970568299293518
냐츄,-0.6970568299293518
숴쟤,-0.6970568299293518
얘혀,-0.6970568299293518
소탸,-0.6970568299293518
또요,-0.6970568299293518
뜨뛰,-0.6970568299293518
뇌눠,-0.6970568299293518
샤소,-0.6970568299293518
표뾔,-0.6970568299293518
띠삐,-0.6970568299293518
둬꺼,-0.6970568299293518
퀘쮜,-0.6970568299293518
쒀뀌,-0.6970568299293518
르삐,-0.6970568299293518
채뚜,-0.6970568299293518
고캬,-0.6970568299293518
귀뤠,-0.6970568299293518
좨껴,-0.6970568299293518
때괘,-0.6970568299293518
뗘타,-0.6970568299293518
쒀죄,-0.6970568299293518
퇴궤,-0.6970568299293518
뤼되,-0.6970568299293518
취서,-0.6970568299293518
훼뀌,-0.6970568299293518
봐휘,-0.6970568299293518
대까,-0.6970568299293518
왜뙤,-0.6970568299293518
뎨쟈,-0.6970568299293518
꽤때,-0.6970568299293518
꾀풔,-0.6970568299293518
체뷔,-0.6970568299293518
게뗘,-0.6970568299293518
꽈춰,-0.6970568299293518
쩨숴,-0.6970568299293518
휘풔,-0.6970568299293518
도왜,-0.6970568299293518
쏴꿰,-0.6970568299293518
키뵈,-0.6970568299293518
풔꿰,-0.6970568299293518
뛰류,-0.6970568299293518
뉴찌,-0.6970568299293518
뗘뜨,-0.6970568299293518
섀뭬,-0.6970568299293518
차꽈,-0.6970568299293518
쏴쇠,-0.6970568299293518
뿌녜,-0.6970568299293518
쉬퇴,-0.6970568299293518
뛰교,-0.6970568299293518
까퓨,-0.6970568299293518
쬐좌,-0.6970568299293518
쾌쑈,-0.6970568299293518
뒤롸,-0.6970568299293518
파켸,-0.6970568299293518
고췌,-0.6970568299293518
으귀,-0.6970568299293518
소햐,-0.6970568299293518
니취,-0.6970568299293518
휘바,-0.6970568299293518
궤페,-0.6970568299293518
폐뙈,-0.6970568299293518
톄냐,-0.6970568299293518
리몌,-0.6970568299293518
꿔아,-0.6970568299293518
녜주,-0.6970568299293518
휴똬,-0.6970568299293518
며쪄,-0.6970568299293518
끼과,-0.6970568299293518
뾔죠,-0.6970568299293518
뷔긔,-0.6970568299293518
볘으,-0.6970568299293518
퍼퓌,-0.6970568299293518
까며,-0.6970568299293518
궤뾔,-0.6970568299293518
쇠죠,-0.6970568299293518
꽤퇴,-0.6970568299293518
쾌쨔,-0.6970568299293518
뤠뎌,-0.6970568299293518
캬의,-0.6970568299293518
쫘여,-0.6970568299293518
꽤뻬,-0.6970568299293518
푀갸,-0.6970568299293518
뇌숴,-0.6970568299293518
톼뾰,-0.6970568299293518
궤뒤,-0.6970568299293518
쇄볘,-0.6970568299293518
촤쟤,-0.6970568299293518
뀌비,-0.6970568299293518
쭤부,-0.6970568299293518
듀꼐,-0.6970568299293518
야뤄,-0.6970568299293518
띄째,-0.6970568299293518
패뛔,-0.6970568299293518
큐뚜,-0.6970568299293518
쁘터,-0.6970568299293518
뇌퇴,-0.6970568299293518
화쉐,-0.6970568299293518
개눼,-0.6970568299293518
뱌라,-0.6970568299293518
쐐뒈,-0.6970568299293518
죄데,-0.6970568299293518
뙈교,-0.6970568299293518
째뭬,-0.6970568299293518
뾔꺼,-0.6970568299293518
너쮸,-0.6970568299293518
쿄퍄,-0.6970568299293518
따므,-0.6970568299293518
꺼웨,-0.6970568299293518
뙤씨,-0.6970568299293518
퀴휘,-0.6970568299293518
뫄떠,-0.6970568299293518
쉬쭤,-0.6970568299293518
뾔쩨,-0.6970568299293518
퀘꾸,-0.6970568299293518
례뷔,-0.6970568299293518
되눼,-0.6970568299293518
스갸,-0.6970568299293518
녀퓌,-0.6970568299293518
뛔배,-0.6970568299293518
뀌대,-0.6970568299293518
쥐모,-0.6970568299293518
톄쉐,-0.6970568299293518
뇨꾸,-0.6970568299293518
꾀푸,-0.6970568299293518
쐐쭤,-0.6970568299293518
녜놔,-0.6970568299293518
뙈꾜,-0.6970568299293518
폐니,-0.6970568299293518
쿠띄,-0.6970568299293518
쨔돠,-0.6970568299293518
되처,-0.6970568299293518
취료,-0.6970568299293518
무쬐,-0.6970568299293518
몌수,-0.6970568299293518
좌휘,-0.6970568299293518
케녜,-0.6970568299293518
췌마,-0.6970568299293518
사캬,-0.6970568299293518
퇴쿼,-0.6970568299293518
의셰,-0.6970568299293518
냐비,-0.6970568299293518
쒜왜,-0.6970568299293518
히괴,-0.6970568299293518
꼐꾜,-0.6970568299293518
쟈똬,-0.6970568299293518
띄피,-0.6970568299293518
뼈쳬,-0.6970568299293518
스괘,-0.6970568299293518
례흐,-0.6970568299293518
탸뫼,-0.6970568299293518
죠뾔,-0.6970568299293518
계먀,-0.6970568299293518
쫘왜,-0.6970568299293518
쐬뗘,-0.6970568299293518
꺄머,-0.6970568299293518
펴꾜,-0.6970568299293518
뾔췌,-0.6970568299293518
뇨붸,-0.6970568299293518
유뻬,-0.6970568299293518
혜회,-0.6970568299293518
휴쬐,-0.6970568299293518
루외,-0.6970568299293518
쭤찌,-0.6970568299293518
췌재,-0.6970568299293518
꽤호,-0.6970568299293518
촤깨,-0.6970568299293518
챠뀌,-0.6970568299293518
깨푀,-0.6970568299293518
먀뙤,-0.6970568299293518
샤코,-0.6970568299293518
되똬,-0.6970568299293518
듸최,-0.6970568299293518
캬퀘,-0.6970568299293518
눼아,-0.6970568299293518
뾔께,-0.6970568299293518
혜퇴,-0.6970568299293518
쿼걔,-0.6970568299293518
녀쬐,-0.6970568299293518
디퀴,-0.6970568299293518
쫘껴,-0.6970568299293518
샤뙈,-0.6970568299293518
께쟤,-0.6970568299293518
껴르,-0.6970568299293518
조퓌,-0.6970568299293518
꿔셰,-0.6970568299293518
뉴쐐,-0.6970568299293518
웨쒜,-0.6970568299293518
쒜싸,-0.6970568299293518
따뾔,-0.6970568299293518
카쒜,-0.6970568299293518
챠져,-0.6970568299293518
꿔퍄,-0.6970568299293518
뤄홰,-0.6970568299293518
쒸얘,-0.6970568299293518
과께,-0.6970568299293518
효꼐,-0.6970568299293518
저봬,-0.6970568299293518
워꿰,-0.6970568299293518
랴혀,-0.6970568299293518
툐뷔,-0.6970568299293518
류쐐,-0.6970568299293518
쇄레,-0.6970568299293518
과냐,-0.6970568299293518
쟤터,-0.6970568299293518
쟤후,-0.6970568299293518
버뾔,-0.6970568299293518
뀨타,-0.6970568299293518
마뎨,-0.6970568299293518
하퀴,-0.6970568299293518
뛔피,-0.6970568299293518
쭤계,-0.6970568299293518
껴떠,-0.6970568299293518
퉤슈,-0.6970568299293518
조푀,-0.6970568299293518
쟈눠,-0.6970568299293518
꽈려,-0.6970568299293518
네쒸,-0.6970568299293518
댜똬,-0.6970568299293518
뙈데,-0.6970568299293518
어꾸,-0.6970568299293518
쉐빼,-0.6970568299293518
쩨캐,-0.6970568299293518
붸짜,-0.6970568299293518
웨테,-0.6970568299293518
튀휴,-0.6970568299293518
볘뱌,-0.6970568299293518
져쐐,-0.6970568299293518
바뼈,-0.6970568299293518
퇴퇴,-0.6970568299293518
끼뮤,-0.6970568299293518
홰뤄,-0.6970568299293518
쇼예,-0.6970568299293518
귀뷔,-0.6970568299293518
되워,-0.6970568299293518
아쭤,-0.6970568299293518
셰쐐,-0.6970568299293518
켸콰,-0.6970568299293518
노훼,-0.6970568299293518
쮸롸,-0.6970568299293518
좌뎨,-0.6970568299293518
쉬꾜,-0.6970568299293518
꺼표,-0.6970568299293518
의뻬,-0.6970568299293518
허뗘,-0.6970568299293518
붸눼,-0.6970568299293518
쳬뜨,-0.6970568299293518
노띠,-0.6970568299293518
쐐갸,-0.6970568299293518
호쮜,-0.6970568299293518
뀌콰,-0.6970568299293518
뇨퀴,-0.6970568299293518
꽈콰,-0.6970568299293518
먀뤼,-0.6970568299293518
피꾸,-0.6970568299293518
째쫴,-0.6970568299293518
표께,-0.6970568299293518
유취,-0.6970568299293518
푀거,-0.6970568299293518
쾌댜,-0.6970568299293518
해뤼,-0.6970568299293518
졔커,-0.6970568299293518
되쿼,-0.6970568299293518
여봬,-0.6970568299293518
뙈으,-0.6970568299293518
차퇴,-0.6970568299293518
쯔표,-0.6970568299293518
하폐,-0.6970568299293518
뾰과,-0.6970568299293518
궈캬,-0.6970568299293518
췌챠,-0.6970568299293518
례줘,-0.6970568299293518
표퀴,-0.6970568299293518
째붜,-0.6970568299293518
뮈카,-0.6970568299293518
뀨치,-0.6970568299293518
찌뵈,-0.6970568299293518
서뚜,-0.6970568299293518
퉤붜,-0.6970568299293518
따꽤,-0.6970568299293518
뙤느,-0.6970568299293518
뻐눼,-0.6970568299293518
놔랴,-0.6970568299293518
뺘뷔,-0.6970568299293518
텨쁘,-0.6970568299293518
샤쒜,-0.6970568299293518
쒸뿌,-0.6970568299293518
쬐커,-0.6970568299293518
줴뾔,-0.6970568299293518
퇴쿠,-0.6970568299293518
퇴써,-0.6970568299293518
꾸누,-0.6970568299293518
더쒸,-0.6970568299293518
떼홰,-0.6970568299293518
쥐퇘,-0.6970568299293518
몌뤼,-0.6970568299293518
뉘쌔,-0.6970568299293518
희뒈,-0.6970568299293518
쐬효,-0.6970568299293518
꿰춰,-0.6970568299293518
뤼껴,-0.6970568299293518
띄계,-0.6970568299293518
프꾀,-0.6970568299293518
써꿰,-0.6970568299293518
탸유,-0.6970568299293518
꾀너,-0.6970568299293518
뾰뷰,-0.6970568299293518
붜째,-0.6970568299293518
워랴,-0.6970568299293518
궤쇠,-0.6970568299293518
떠포,-0.6970568299293518
숴뫼,-0.6970568299293518
끄퉤,-0.6970568299293518
쩨쬐,-0.6970568299293518
쫴구,-0.6970568299293518
쭈뎨,-0.6970568299293518
퇘퉈,-0.6970568299293518
회괘,-0.6970568299293518
얘궈,-0.6970568299293518
먀끼,-0.6970568299293518
띄쳬,-0.6970568299293518
버귀,-0.6970568299293518
내뻬,-0.6970568299293518
또툐,-0.6970568299293518
외배,-0.6970568299293518
뺘계,-0.6970568299293518
크뉘,-0.6970568299293518
셰홰,-0.6970568299293518
짜쟤,-0.6970568299293518
쩨솨,-0.6970568299293518
꺼자,-0.6970568299293518
돠홰,-0.6970568299293518
깨케,-0.6970568299293518
싸야,-0.6970568299293518
쉬웨,-0.6970568299293518
껴위,-0.6970568299293518
뎨뚜,-0.6970568299293518
뒈페,-0.6970568299293518
끼재,-0.6970568299293518
튀터,-0.6970568299293518
틔쉬,-0.6970568299293518
깨게,-0.6970568299293518
꺄뛰,-0.6970568299293518
쉐쫴,-0.6970568299293518
쇠봬,-0.6970568299293518
쩨쫘,-0.6970568299293518
뮈놔,-0.6970568299293518
까췌,-0.6970568299293518
녜괴,-0.6970568299293518
끼뵈,-0.6970568299293518
다좨,-0.6970568299293518
촤휘,-0.6970568299293518
벼졔,-0.6970568299293518
취콰,-0.6970568299293518
햐뇌,-0.6970568299293518
녜레,-0.6970568299293518
츠뤼,-0.6970568299293518
퓌쮸,-0.6970568299293518
쒀냐,-0.6970568299293518
뫼써,-0.6970568299293518
튀꿰,-0.6970568299293518
터쳬,-0.6970568299293518
쐐수,-0.6970568299293518
쩨퀘,-0.6970568299293518
쏴띠,-0.6970568299293518
셰더,-0.6970568299293518
휴쪄,-0.6970568299293518
삐쮜,-0.6970568299293518
누께,-0.6970568299293518
따쪄,-0.6970568299293518
뉘쳐,-0.6970568299293518
쳬쇠,-0.6970568299293518
뗘주,-0.6970568299293518
훠꿰,-0.6970568299293518
라깨,-0.6970568299293518
늬폐,-0.6970568299293518
쇠고,-0.6970568299293518
뎨햐,-0.6970568299293518
요뾰,-0.6970568299293518
쑤쫴,-0.6970568299293518
죠뎨,-0.6970568299293518
갸퀴,-0.6970568299293518
내쾌,-0.6970568299293518
배좨,-0.6970568299293518
그꾀,-0.6970568299293518
텨뼈,-0.6970568299293518
쀼펴,-0.6970568299293518
초뀨,-0.6970568299293518
세퇴,-0.6970568299293518
쐬씨,-0.6970568299293518
야서,-0.6970568299293518
쳐꺼,-0.6970568299293518
랴눼,-0.6970568299293518
껴처,-0.6970568299293518
워떼,-0.6970568299293518
쟈휴,-0.6970568299293518
뒈째,-0.6970568299293518
뗘테,-0.6970568299293518
쬐와,-0.6970568299293518
냐궤,-0.6970568299293518
쇄차,-0.6970568299293518
홰쇄,-0.6970568299293518
뢰숴,-0.6970568299293518
뤼뛔,-0.6970568299293518
뼈례,-0.6970568299293518
꼬의,-0.6970568299293518
효쬐,-0.6970568299293518
얘늬,-0.6970568299293518
프껴,-0.6970568299293518
지휘,-0.6970568299293518
배톄,-0.6970568299293518
퓌묘,-0.6970568299293518
듀췌,-0.6970568299293518
뇨퀘,-0.6970568299293518
꾸대,-0.6970568299293518
께쾨,-0.6970568299293518
쌔탸,-0.6970568299293518
끄틔,-0.6970568299293518
브뀨,-0.6970568299293518
류뒈,-0.6970568299293518
뉘두,-0.6970568299293518
예대,-0.6970568299293518
튜꼐,-0.6970568299293518
두뀌,-0.6970568299293518
뭬뮤,-0.6970568299293518
쬐규,-0.6970568299293518
위더,-0.6970568299293518
뵈눼,-0.6970568299293518
쫴붜,-0.6970568299293518
파최,-0.6970568299293518
소까,-0.6970568299293518
쇄때,-0.6970568299293518
뀨몌,-0.6970568299293518
뤠퇴,-0.6970568299293518
꼐줘,-0.6970568299293518
저웨,-0.6970568299293518
쇠해,-0.6970568299293518
뤼퍄,-0.6970568299293518
뢰배,-0.6970568299293518
혜웨,-0.6970568299293518
튀녀,-0.6970568299293518
초쪄,-0.6970568299293518
붸쑈,-0.6970568299293518
퓨계,-0.6970568299293518
눠꽤,-0.6970568299293518
흐퓌,-0.6970568299293518
저뭬,-0.6970568299293518
퇘래,-0.6970568299293518
소쒜,-0.6970568299293518
퓌캐,-0.6970568299293518
웨께,-0.6970568299293518
쮜됴,-0.6970568299293518
걔따,-0.6970568299293518
쁘의,-0.6970568299293518
좌쐐,-0.6970568299293518
례퉤,-0.6970568299293518
뚜개,-0.6970568299293518
띠퉈,-0.6970568299293518
띄홰,-0.6970568299293518
꾀츠,-0.6970568299293518
퓌위,-0.6970568299293518
둬왜,-0.6970568299293518
뜨재,-0.6970568299293518
빠꾀,-0.6970568299293518
됴좨,-0.6970568299293518
차깨,-0.6970568299293518
뢰부,-0.6970568299293518
쒜며,-0.6970568299293518
뀨여,-0.6970568299293518
얘붸,-0.6970568299293518
끼뎨,-0.6970568299293518
예패,-0.6970568299293518
쩨녀,-0.6970568299293518
똬쳬,-0.6970568299293518
피뻬,-0.6970568299293518
켸쐐,-0.6970568299293518
위탸,-0.6970568299293518
뽀냐,-0.6970568299293518
뒈갸,-0.6970568299293518
대쇠,-0.6970568299293518
똬스,-0.6970568299293518
쩌좌,-0.6970568299293518
따까,-0.6970568299293518
뒈꼐,-0.6970568299293518
쑤쾌,-0.6970568299293518
휴뛔,-0.6970568299293518
먀커,-0.6970568299293518
좨뿌,-0.6970568299293518
꽈냐,-0.6970568299293518
뺘츠,-0.6970568299293518
쒀떠,-0.6970568299293518
파쾌,-0.6970568299293518
춰볘,-0.6970568299293518
랴꾀,-0.6970568299293518
디뻐,-0.6970568299293518
쐬빼,-0.6970568299293518
료쫘,-0.6970568299293518
위의,-0.6970568299293518
죄뷔,-0.6970568299293518
쪼외,-0.6970568299293518
쉐괴,-0.6970568299293518
섀뤼,-0.6970568299293518
그뛰,-0.6970568299293518
퓨되,-0.6970568299293518
카쫘,-0.6970568299293518
쎄뒤,-0.6970568299293518
셰워,-0.6970568299293518
쒜뤠,-0.6970568299293518
떼쏴,-0.6970568299293518
계롸,-0.6970568299293518
봬쐐,-0.6970568299293518
보뙤,-0.6970568299293518
누쐬,-0.6970568299293518
료쉐,-0.6970568299293518
줴폐,-0.6970568299293518
셔볘,-0.6970568299293518
효궤,-0.6970568299293518
붸훠,-0.6970568299293518
에쯔,-0.6970568299293518
뺘틔,-0.6970568299293518
뷔쥬,-0.6970568299293518
좨쒸,-0.6970568299293518
쉐또,-0.6970568299293518
지뫼,-0.6970568299293518
뮈화,-0.6970568299293518
캬퉤,-0.6970568299293518
듸쫴,-0.6970568299293518
꾜섀,-0.6970568299293518
희폐,-0.6970568299293518
의뀨,-0.6970568299293518
꼐뮈,-0.6970568299293518
뻐춰,-0.6970568299293518
애눼,-0.6970568299293518
퉤쏘,-0.6970568299293518
그퇘,-0.6970568299293518
쪄죄,-0.6970568299293518
프뙈,-0.6970568299293518
티취,-0.6970568299293518
째꿰,-0.6970568299293518
됴췌,-0.6970568299293518
쐐셔,-0.6970568299293518
뵈쎄,-0.6970568299293518
죠찌,-0.6970568299293518
느뤠,-0.6970568299293518
쵸끼,-0.6970568299293518
쪄퓌,-0.6970568299293518
꽤후,-0.6970568299293518
허쯔,-0.6970568299293518
퍄추,-0.6970568299293518
세쫴,-0.6970568299293518
캬키,-0.6970568299293518
때눼,-0.6970568299293518
꽤푀,-0.6970568299293518
눼뷰,-0.6970568299293518
코까,-0.6970568299293518
좌꼐,-0.6970568299293518
계재,-0.6970568299293518
쵸쾨,-0.6970568299293518
끼표,-0.6970568299293518
쯔퀴,-0.6970568299293518
꽤쏘,-0.6970568299293518
빼괘,-0.6970568299293518
똬야,-0.6970568299293518
뒤뤄,-0.6970568299293518
쒸초,-0.6970568299293518
뢰뒈,-0.6970568299293518
늬샤,-0.6970568299293518
괴귀,-0.6970568299293518
쇄톄,-0.6970568299293518
퓌추,-0.6970568299293518
꺄됴,-0.6970568299293518
쇄뜨,-0.6970568299293518
녜눠,-0.6970568299293518
끄뤼,-0.6970568299293518
계퉤,-0.6970568299293518
쿼뻬,-0.6970568299293518
녜태,-0.6970568299293518
쪄뻐,-0.6970568299293518
뢰쫘,-0.6970568299293518
어쭤,-0.6970568299293518
제괴,-0.6970568299293518
헤퉤,-0.6970568299293518
죠귀,-0.6970568299293518
몌켸,-0.6970568299293518
붸봐,-0.6970568299293518
토뼈,-0.6970568299293518
쬐뾰,-0.6970568299293518
쀼겨,-0.6970568299293518
녜써,-0.6970568299293518
띠퇴,-0.6970568299293518
노쒜,-0.6970568299293518
예터,-0.6970568299293518
몌슈,-0.6970568299293518
붜뾔,-0.6970568299293518
뛔퀘,-0.6970568299293518
뉘려,-0.6970568299293518
패뤼,-0.6970568299293518
껴듀,-0.6970568299293518
쒜졔,-0.6970568299293518
쉬뺘,-0.6970568299293518
까웨,-0.6970568299293518
애왜,-0.6970568299293518
긔켸,-0.6970568299293518
폐쮜,-0.6970568299293518
뭐갸,-0.6970568299293518
퉤쩌,-0.6970568299293518
꿔태,-0.6970568299293518
최초,-0.6970568299293518
뙈쒜,-0.6970568299293518
튀뺘,-0.6970568299293518
췌버,-0.6970568299293518
똬효,-0.6970568299293518
섀뛔,-0.6970568299293518
혜째,-0.6970568299293518
래켸,-0.6970568299293518
푀퓌,-0.6970568299293518
뙈뎨,-0.6970568299293518
쉬쿠,-0.6970568299293518
촤띄,-0.6970568299293518
붸꾀,-0.6970568299293518
쨔쥬,-0.6970568299293518
쉐뻐,-0.6970568299293518
뵈쉬,-0.6970568299293518
요끼,-0.6970568299293518
되빼,-0.6970568299293518
머뙈,-0.6970568299293518
씨뛔,-0.6970568299293518
쫴뎌,-0.6970568299293518
뀌퓌,-0.6970568299293518
쟤셔,-0.6970568299293518
쫴뫄,-0.6970568299293518
톄투,-0.6970568299293518
퇴차,-0.6970568299293518
튀궤,-0.6970568299293518
뻬치,-0.6970568299293518
붸췌,-0.6970568299293518
쓰쒜,-0.6970568299293518
쭈꼐,-0.6970568299293518
회툐,-0.6970568299293518
퇴샤,-0.6970568299293518
쫘께,-0.6970568299293518
모쒸,-0.6970568299293518
켸쿄,-0.6970568299293518
쭤뒤,-0.6970568299293518
띠귀,-0.6970568299293518
쯔취,-0.6970568299293518
챠붸,-0.6970568299293518
뼈퀴,-0.6970568299293518
꽤쭤,-0.6970568299293518
뺘뫄,-0.6970568299293518
크위,-0.6970568299293518
뙈뺘,-0.6970568299293518
이궤,-0.6970568299293518
됴꺄,-0.6970568299293518
대뀌,-0.6970568299293518
솨쬐,-0.6970568299293518
놔뗘,-0.6970568299293518
웨뮈,-0.6970568299293518
왜희,-0.6970568299293518
주뾔,-0.6970568299293518
께최,-0.6970568299293518
돠외,-0.6970568299293518
뇌퍄,-0.6970568299293518
푸캬,-0.6970568299293518
봬꺼,-0.6970568299293518
씨꾜,-0.6970568299293518
려먀,-0.6970568299293518
둬끼,-0.6970568299293518
뫼히,-0.6970568299293518
뇌라,-0.6970568299293518
표캬,-0.6970568299293518
퐈뫼,-0.6970568299293518
줴계,-0.6970568299293518
켜취,-0.6970568299293518
펴뫼,-0.6970568299293518
여뙤,-0.6970568299293518
펴뎨,-0.6970568299293518
예슈,-0.6970568299293518
뿌서,-0.6970568299293518
뜨꿔,-0.6970568299293518
쳬쿼,-0.6970568299293518
라쉐,-0.6970568299293518
배꾀,-0.6970568299293518
궈왜,-0.6970568299293518
껴슈,-0.6970568299293518
삐퓌,-0.6970568299293518
츄뫼,-0.6970568299293518
께쒀,-0.6970568299293518
끄타,-0.6970568299293518
퐈뒈,-0.6970568299293518
취찌,-0.6970568299293518
뒈계,-0.6970568299293518
쫴퉈,-0.6970568299293518
꼬띄,-0.6970568299293518
뗘퇴,-0.6970568299293518
되부,-0.6970568299293518
뫄뾰,-0.6970568299293518
걔머,-0.6970568299293518
화뭬,-0.6970568299293518
쿼귀,-0.6970568299293518
뙈이,-0.6970568299293518
뻐뾰,-0.6970568299293518
거쾨,-0.6970568299293518
쇠좨,-0.6970568299293518
터댜,-0.6970568299293518
뷔뵤,-0.6970568299293518
뤠뜨,-0.6970568299293518
티햐,-0.6970568299293518
뤠꺄,-0.6970568299293518
텨셰,-0.6970568299293518
케쇄,-0.6970568299293518
뻬꼬,-0.6970568299293518
펴댜,-0.6970568299293518
꿔캬,-0.6970568299293518
쭤켸,-0.6970568299293518
뇌끄,-0.6970568299293518
뾔표,-0.6970568299293518
뒤퐈,-0.6970568299293518
화쒸,-0.6970568299293518
드뱌,-0.6970568299293518
므쐐,-0.6970568299293518
뷔기,-0.6970568299293518
뷰냐,-0.6970568299293518
계껴,-0.6970568299293518
쾨툐,-0.6970568299293518
구뼈,-0.6970568299293518
뤼궤,-0.6970568299293518
뛰켸,-0.6970568299293518
쇼봬,-0.6970568299293518
퍼꽈,-0.6970568299293518
뤠너,-0.6970568299293518
뤄쯔,-0.6970568299293518
끄뻬,-0.6970568299293518
왜껴,-0.6970568299293518
효퀴,-0.6970568299293518
찌쥐,-0.6970568299293518
줴고,-0.6970568299293518
쉐쒜,-0.6970568299293518
쒸주,-0.6970568299293518
괘끄,-0.6970568299293518
샤뫼,-0.6970568299293518
뭬내,-0.6970568299293518
퐈깨,-0.6970568299293518
췌쾌,-0.6970568299293518
똬뎨,-0.6970568299293518
쉬쑤,-0.6970568299293518
쟤태,-0.6970568299293518
쨔쪼,-0.6970568299293518
놔줴,-0.6970568299293518
깨눠,-0.6970568299293518
궈쐬,-0.6970568299293518
저뵈,-0.6970568299293518
쑈뒤,-0.6970568299293518
느쾌,-0.6970568299293518
섀쾌,-0.6970568299293518
괘쇼,-0.6970568299293518
홰카,-0.6970568299293518
똬코,-0.6970568299293518
뚜튜,-0.6970568299293518
톄쎄,-0.6970568299293518
쎄헤,-0.6993061900138855
듸머,-0.6998521685600281
누뤄,-0.7090868353843689
눠져,-0.7126879692077637
돠자,-0.7136039137840271
표좌,-0.7175323367118835
쌔저,-0.7195630073547363
데좌,-0.7221835255622864
매마,-0.7294060587882996
싸모,-0.7310415506362915
퓨좌,-0.7317276000976562
라뫄,-0.7327626347541809
놔늬,-0.7384758591651917
놔저,-0.7393547892570496
늬훠,-0.740000307559967
싸톼,-0.7424544095993042
쌔머,-0.7439289689064026
죠좌,-0.7465961575508118
듸희,-0.747484028339386
늬촤,-0.7494481801986694
봐자,-0.7514109015464783
카뫄,-0.7589283585548401
묘뫄,-0.7752260565757751
테뫄,-0.7798532247543335
쏴롸,-0.7825389504432678
좌화,-0.7907000780105591
느뫄,-0.792884349822998
써롸,-0.8080109357833862
프뫄,-0.8145365118980408
써허,-0.8196550011634827
뤄좌,-0.8257424831390381
무뫄,-0.8402283787727356
벼뫄,-0.8405671715736389
늬뫄,-0.8458274006843567
봐메,-0.8488226532936096
므뫄,-0.8523738980293274
봐화,-0.8635984063148499
쌔래,-0.8746418952941895
봐놔,-0.8882483839988708
롸뫄,-0.9213810563087463
