ID,Code,Name
4,332098,59,뷔퇘
31,332105,59,뀌콰
101,332120,59,뤄벼
123,332124,59,쬐궤
138,332126,59,줘파
223,332142,59,르귀
225,332142,59,푸뻬
240,332145,59,리무
243,332145,59,퍄노
259,332148,59,쩌쒜
264,332149,59,쫘니
271,332150,59,채뤼
284,332153,59,톄태
290,332155,59,쩌뾰
308,332158,59,뵈꼬
353,332166,59,쿄꺄
387,332174,58,외두
390,332174,58,노쉬
455,332184,58,슈쾌
474,332188,58,쐬표
487,332189,58,바계
541,332199,58,춰돠
557,332203,58,료뒈
574,332205,58,됴쬐
602,332212,58,먀회
807,332253,58,먀꿰
819,332256,58,쌔쳐
842,332260,58,찌로
847,332260,58,큐퀘
873,332264,58,얘툐
895,332268,58,톼어
932,332275,58,꽈쳐
1013,332289,58,뱌몌
1050,332295,58,꿰베
1083,332300,58,꼬뮈
1087,332300,58,쟤뙤
1195,332317,57,세뙤
1205,332318,57,뼈죄
1259,332328,57,세오
1267,332330,57,퓨애
1288,332334,57,투숴
1291,332334,57,두뾰
1305,332336,57,떼춰
1315,332338,57,뀨귀
1316,332338,57,가네
1379,332348,57,위뫄
1409,332354,57,가눠
1417,332356,57,후유
1482,332367,57,뻐녀
1564,332381,57,쟤쟈
1566,332382,57,퍼토
1607,332387,57,켜풔
1636,332392,57,빠때
1656,332397,57,꽈워
1695,332404,57,쭤수
1728,332409,57,뜨니
1754,332411,57,뵈터
1755,332412,57,뤠꿰
1765,332413,57,톄쒜
1773,332414,57,꼐세
1789,332416,57,회터
1790,332417,57,드펴
1820,332424,56,뼈꽈
1821,332425,56,톼똬
1831,332426,56,놔도
1835,332427,56,례뵈
1872,332433,56,뤄쎄
1898,332437,56,쏴롸
1902,332438,56,터츄
1910,332440,56,쒜쯔
1911,332440,56,체놔
1947,332447,56,교쭤
1959,332449,56,류뎨
1974,332450,56,규와
1984,332452,56,최둬
1995,332455,56,쵸쟈
2007,332457,56,쉬외
2028,332461,56,세뾔
2066,332468,56,쪼츠
2107,332474,56,희찌
2179,332487,56,표히
2184,332488,56,무뫄
2192,332489,56,두토
2197,332489,56,예내
2211,332493,56,배뢰
2237,332496,56,뉘기
2323,332512,56,봬토
2338,332515,56,쇠져
2351,332517,56,똬풔
2370,332520,56,뛰뱌
2404,332526,56,벼괘
2460,332537,56,괴쒸
2555,332551,56,주뤠
2560,332552,56,쿄재
2566,332553,56,두퐈
2574,332554,56,쪼뤄
2575,332554,56,예류
2684,332576,55,혀오
2691,332577,55,켜뭬
2711,332579,55,꼐스
2777,332590,55,봬처
2793,332593,55,봐료
2805,332595,55,봐꾜
2825,332599,55,췌채
2850,332603,55,표뷔
2864,332605,55,또쑈
2898,332612,55,숴얘
2921,332616,55,꿔끄
2929,332617,55,토래
2932,332618,55,뒈걔
2964,332623,55,좨뤼
3002,332630,55,뎌오
3069,332642,55,르뎨
3074,332642,55,로봐
3084,332645,55,퐈아
3085,332645,55,줴퀘
3107,332649,55,며줴
3118,332651,55,뻬요
3137,332654,55,드띄
3156,332657,55,와눼
3179,332662,55,몌뜨
3209,332666,55,기묘
3211,332666,55,퇘보
3219,332667,55,쒜터
3238,332670,55,리훼
3279,332677,55,퍄똬
3361,332689,55,쇄뱌
3374,332692,55,셔뚜
3389,332694,55,위쪄
3404,332696,55,뉴튀
3426,332699,55,따봬
3463,332706,55,둬쑈
3532,332719,55,톄쏘
3552,332722,55,훠틔
3594,332728,55,무쒀
3708,332747,55,써졔
3720,332749,55,구뮈
3778,332761,55,뤄까
3823,332767,54,채죠
3838,332771,54,웨끄
3848,332773,54,써느
3866,332778,54,둬티
3888,332783,54,크오
3901,332785,54,뇨세
3916,332789,54,쬐화
3919,332789,54,눠태
3956,332796,54,키뾰
3965,332798,54,둬풔
4003,332807,54,쪼씌
4016,332809,54,껴쇼
4062,332815,54,께으
4069,332817,54,놔키
4133,332827,54,깨쀼
4140,332828,54,띠퇘
4180,332835,54,개쾨
4185,332835,54,쭤메
4200,332837,54,떠퉤
4219,332841,54,쿄뎨
4249,332848,54,걔외
4252,332848,54,케희
4255,332848,54,떠쾌
4310,332859,54,뷔뉘
4369,332869,54,흐뗘
4411,332876,54,페띠
4557,332898,54,햐춰
4581,332902,54,쒀궈
4627,332911,54,섀교
4632,332912,54,뭐캬
4689,332922,53,뀨휴
4743,332931,53,톼뉘
4754,332933,53,뫼휘
4779,332936,53,토줘
4784,332937,53,눠갸
4791,332939,53,유훼
4799,332940,53,꺄봐
4801,332940,53,되배
4826,332945,53,괴뙈
4832,332946,53,촤끼
4834,332946,53,됴붜
4849,332948,53,뒈뒈
4864,332951,53,퇘꽈
4881,332954,53,뇌묘
4891,332956,53,쭤뵈
4930,332962,53,퐈툐
4939,332963,53,혜쩨
4957,332967,53,레씌
4966,332968,53,뮤뉴
5014,332977,53,때쒜
5017,332978,53,러보
5045,332983,53,줴퇴
5049,332984,53,퐈쨔
5052,332984,53,대취
5093,332991,53,뵈후
5096,332992,53,껴쒜
5113,332995,53,탸예
5119,332996,53,혀뵈
5126,332997,53,츠뭬
5127,332997,53,죠우
5148,333000,53,뇌궤
5168,333004,53,의째
5198,333010,53,쳐무
5216,333014,53,꾜켸
5364,333042,53,체쏴
5374,333044,53,붸뙤
5483,333061,53,츄뾔
5500,333064,53,냐푀
5551,333071,53,과루
5610,333081,53,희꾀
5649,333087,53,쵸꼬
5696,333094,53,어쐬
5719,333098,53,띄뀨
5750,333107,52,나쫴
5755,333108,52,숴쾨
5844,333127,52,콰쿠
5896,333136,52,쮜쥬
5965,333147,52,소떠
5973,333148,52,포풔
6010,333154,52,꽈거
6040,333160,52,피흐
6117,333176,52,툐비
6127,333178,52,틔애
6171,333186,52,초베
6257,333201,52,게쫴
6266,333204,52,뮤페
6283,333206,52,버까
6294,333208,52,뛔재
6321,333213,52,퍄얘
6337,333215,52,쉐괘
6354,333217,52,쫘뛔
6361,333218,52,뮈훼
6365,333218,52,쟤너
6371,333220,52,듸셔
6509,333243,52,꾀위
6620,333263,52,쵸뤠
6621,333263,52,쥬홰
6661,333271,52,얘노
6695,333277,52,슈쳬
6742,333285,52,뙤케
6750,333287,52,쟈쫴
6805,333296,52,뾔브
6818,333298,52,듸제
6825,333299,52,또계
6851,333304,52,채쳬
6857,333305,52,스쭤
6860,333306,52,꾸토
6869,333308,52,쏴차
6898,333313,52,뵈씨
6922,333319,52,돠궈
6973,333328,52,타뀨
6992,333330,52,쁘규
7000,333330,52,페꾸
7010,333332,52,쮜그
7035,333335,52,뛔즈
7039,333336,52,톄묘
7123,333351,52,쉐꿰
7176,333358,52,붸대
7197,333360,52,퓌뮤
7305,333376,51,쉬써
7316,333378,51,퉤최
7332,333381,51,모꾀
7368,333388,51,냐뛔
7373,333389,51,야챠
7489,333411,51,마퉤
7491,333411,51,따패
7533,333418,51,줴꾀
7552,333419,51,씌류
7675,333442,51,쌔뭬
7685,333444,51,쳬혜
7786,333462,51,벼퍄
7840,333472,51,쭤끼
7848,333473,51,크꾀
7902,333484,51,워뮈
7935,333490,51,빠퉤
7936,333490,51,저허
7940,333490,51,녀슈
7946,333491,51,깨뭬
7959,333493,51,타돠
7981,333497,51,회푸
8023,333503,51,게계
8026,333504,51,먀나
8034,333506,51,꽈봬
8102,333518,51,녀줴
8120,333520,51,으사
8138,333523,51,새뒤
8214,333534,51,섀써
8223,333535,51,채샤
8225,333536,51,뙈야
8231,333537,51,톼퉈
8233,333537,51,추뾔
8234,333537,51,탸따
8235,333537,51,몌띄
8245,333538,51,풔훼
8326,333551,51,쇠갸
8358,333556,50,췌도
8368,333557,50,랴폐
8456,333576,50,교띠
8459,333577,50,구꿔
8492,333581,50,메티
8562,333596,50,괘트
8565,333596,50,쇠계
8572,333598,50,펴웨
8601,333604,50,쉐게
8623,333608,50,꿰퀴
8628,333609,50,튀대
8631,333610,50,뮈레
8640,333611,50,갸얘
8649,333612,50,쏘켜
8698,333622,50,우붸
8732,333627,50,류느
8760,333632,50,듸샤
8840,333645,50,뻐듸
8896,333656,50,초듸
8902,333657,50,루보
8908,333658,50,쒀햐
8956,333664,50,쁘례
8957,333664,50,데꽤
9074,333681,50,짜캬
9106,333687,50,뤠패
9141,333695,50,째봬
9156,333697,50,바처
9166,333698,50,뵈호
9176,333699,50,먀겨
9201,333703,50,꿰디
9231,333708,50,쇼늬
9288,333716,50,줘뚜
9325,333723,50,됴걔
9336,333725,50,시므
9351,333727,50,또뎨
9380,333732,50,여졔
9382,333732,50,퐈퉤
9384,333732,50,며뎨
9396,333734,50,뉘톼
9425,333738,50,타체
9431,333739,50,귀댜
9455,333743,50,녀러
9463,333744,50,지크
9464,333745,50,쇼비
9515,333753,50,쏘캬
9528,333754,50,쀼퉤
9539,333756,50,께쨔
9561,333759,50,뇌더
9566,333760,50,려테
9617,333770,50,쫘피
9640,333774,50,도뤠
9660,333778,50,슈므
9668,333778,50,끼쿠
9744,333794,50,기구
9761,333797,49,퓌톼
9785,333802,49,듸홰
9860,333817,49,라쑈
9925,333830,49,쒀비
9926,333830,49,뛔꿰
9962,333836,49,퇘뜨
10002,333844,49,계눠
10022,333849,49,져튀
10050,333856,49,녀다
10165,333877,49,큐뇨
10183,333880,49,쉬페
10185,333881,49,씨뭐
10199,333883,49,추규
10213,333885,49,홰혜
10223,333886,49,쾌너
10259,333894,49,워구
10331,333910,49,냐쒜
10387,333919,49,수뱌
10422,333925,49,줘피
10428,333926,49,큐쟈
10466,333932,49,홰해
10504,333938,49,내쑤
10519,333940,49,우쮜
10611,333956,49,텨좨
10680,333967,49,춰훠
10695,333969,49,주쮸
10730,333974,49,계틔
10740,333975,49,뾔다
10747,333976,49,햐토
10776,333982,49,뽀퇴
10780,333982,49,세묘
10823,333989,49,푀퀘
10831,333990,49,희러
10835,333991,49,숴죄
10851,333993,49,뼈최
10925,334005,49,쇼까
10952,334010,48,쉐메
10991,334016,48,뭐톼
11031,334024,48,쑈위
11055,334027,48,류찌
11067,334029,48,댜노
11084,334032,48,계사
11121,334037,48,뮈과
11133,334039,48,태훼
11206,334055,48,뾔푸
11210,334056,48,쫘웨
11216,334057,48,껴후
11246,334064,48,돼쉐
11286,334071,48,붜뇨
11290,334072,48,투벼
11337,334080,48,되터
11346,334081,48,하궈
11352,334083,48,둬숴
11356,334084,48,켸쉬
11357,334084,48,뮈포
11405,334093,48,너쳬
11485,334107,48,휘롸
11520,334115,48,뛰때
11553,334121,48,뒤배
11566,334124,48,태꽤
11567,334124,48,퇴쐬
11587,334129,48,떼콰
11613,334133,48,깨긔
11638,334137,48,쒜푀
11673,334142,48,츄뇌
11681,334144,48,퍄췌
11842,334175,47,퓨쮜
11850,334176,47,재씨
11905,334190,47,히궤
11910,334191,47,씌새
11921,334193,47,뇌췌
11953,334197,47,롸제
11961,334197,47,괴퀘
12016,334206,47,흐켸
12019,334207,47,째쵸
12042,334210,47,툐교
12056,334213,47,괘노
12177,334236,47,푸콰
12226,334246,47,줘뮈
12261,334252,47,저뮈
12292,334258,47,취싸
12432,334280,47,뎌쏴
12455,334284,47,촤계
12462,334286,47,쀼래
12503,334293,47,타데
12578,334305,47,톼꺼
12645,334319,47,무쩨
12708,334332,47,챠푀
12718,334333,47,쭈붜
12773,334342,47,쿼혜
12774,334342,47,쬐외
12791,334345,47,봐쎄
12810,334348,47,켜졔
12820,334350,47,줴튀
12839,334353,47,깨쥐
12863,334358,47,채깨
12947,334370,46,에되
12948,334370,46,즈거
12999,334379,46,쒸솨
13074,334394,46,휘부
13080,334396,46,뽀둬
13088,334397,46,씌녀
13094,334398,46,버똬
13189,334418,46,챠쿼
13218,334422,46,까까
13219,334422,46,띠뼈
13269,334434,46,쩨듸
13302,334440,46,왜례
13313,334442,46,뛰폐
13323,334444,46,붸나
13337,334446,46,돼툐
13342,334447,46,쿄먀
13350,334448,46,쟈띠
13391,334453,46,쨔여
13394,334453,46,똬챠
13395,334454,46,쒸페
13426,334459,46,봐줴
13461,334466,46,숴러
13463,334467,46,게쒸
13474,334469,46,섀벼
13526,334478,46,파뒤
13529,334479,46,퉤퀴
13539,334482,46,헤쿄
13540,334482,46,훼뻐
13576,334489,46,듸쭤
13648,334503,46,쑤껴
13679,334509,46,트튀
13721,334516,46,쇄붸
13779,334527,46,댜깨
13818,334532,46,퉈커
13831,334534,46,훼셰
13906,334547,46,쫴취
13926,334550,46,꼐괘
13939,334551,46,띄져
13942,334552,46,해셰
13999,334564,46,터끄
14031,334569,46,쟈풔
14033,334570,46,꾀됴
14102,334582,46,쿠좌
14103,334582,46,버쐬
14134,334589,46,르쐬
14184,334596,46,틔슈
14210,334600,46,뻬쟤
14214,334601,46,퉈대
14228,334604,46,캬커
14357,334628,46,새뙤
14365,334630,46,쩨갸
14374,334632,46,졔카
14376,334632,46,츠뛔
14382,334633,46,유붸
14390,334634,46,푀뒤
14452,334644,46,퐈쉬
14454,334645,46,홰봐
14478,334651,46,쑤쪄
14487,334653,46,퐈돼
14505,334656,46,뒤취
14527,334659,46,뼈토
14544,334662,46,켸새
14558,334664,46,녜뉘
14566,334665,46,뤠라
14594,334669,46,솨뀨
14602,334671,45,쩌쇄
14645,334680,45,봬지
14691,334688,45,쒸째
14692,334688,45,혀섀
14695,334689,45,무켸
14719,334693,45,톄따
14777,334702,45,쥬뭬
14795,334705,45,꽈게
14868,334721,45,뉴따
14910,334728,45,눠거
14984,334743,45,봐너
15017,334750,45,주쑤
15023,334751,45,빠몌
15072,334757,45,춰표
15112,334765,45,똬쬐
15219,334784,45,촤으
15278,334793,45,먀혀
15279,334793,45,뚜토
15286,334794,45,궈러
15293,334796,45,빠뇌
15326,334800,45,쒸케
15348,334803,45,제져
15397,334812,45,쇄줘
15424,334817,45,써에
15447,334821,45,꾀크
15457,334822,45,뾰뒈
15481,334827,45,펴탸
15507,334830,45,휴께
15533,334834,45,써궤
15546,334836,45,탸규
15554,334837,45,표흐
15555,334837,45,겨좨
15566,334839,45,려혀
15610,334847,45,버켸
15614,334849,45,틔휘
15662,334857,45,져조
15703,334863,45,고쐐
15735,334869,45,콰뿌
15743,334870,45,듸유
15854,334890,44,메뀌
15884,334895,44,쇄퀘
15929,334904,44,빠볘
15935,334905,44,꾀려
15956,334909,44,계뫄
15995,334917,44,댜궤
16056,334931,44,폐페
16071,334934,44,뉘촤
16156,334949,44,꾀노
16185,334954,44,뒈깨
16276,334973,44,테뉴
16280,334974,44,씨봬
16316,334981,44,오췌
16413,334999,44,지뮈
16459,335009,44,뽀뭬
16499,335017,44,꾀슈
16503,335018,44,희뾔
16517,335020,44,훠뵈
16551,335027,44,쥬뒈
16552,335027,44,조에
16588,335033,44,죄페
16702,335054,44,코뛰
16707,335054,44,샤홰
16712,335055,44,계뿌
16737,335059,44,가뒤
16745,335060,44,휴외
16753,335061,44,쒜쏴
16781,335067,44,봬퓌
16893,335089,44,쾨주
16907,335091,44,쇄비
16910,335092,44,쪄쫘
16932,335096,44,녀나
16937,335097,44,줘시
16940,335097,44,탸돼
16946,335099,44,녀봬
16963,335103,44,뇨죠
16968,335105,44,또뙈
16984,335107,44,뉴햐
17007,335111,44,쀼꾜
17075,335124,43,쒀벼
17096,335127,43,숴쇠
17107,335130,43,뭬뗘
17161,335141,43,뛰규
17168,335142,43,마붸
17308,335167,43,회쪄
17337,335172,43,쪄캬
17354,335175,43,표뙤
17362,335176,43,붜냐
17368,335178,43,느퓌
17412,335185,43,죠쫘
17500,335199,43,꽤쁘
17524,335204,43,계쎄
17535,335206,43,붸꼬
17570,335212,43,쒜뉴
17577,335213,43,귀켸
17579,335213,43,티뇨
17611,335219,43,퇘캐
17619,335219,43,궤뤄
17686,335231,43,뷰댜
17763,335243,43,꾀퓨
17776,335244,43,줴볘
17816,335251,43,저췌
17820,335252,43,져화
17822,335252,43,여퀘
17834,335253,43,쏘하
17928,335272,43,며크
17956,335277,43,꼬췌
18039,335292,43,퀴눼
18067,335298,43,아쾌
18077,335299,43,겨꼬
18104,335304,43,며죠
18160,335316,43,뼈뼈
18197,335322,43,괴꺄
18204,335323,43,으셰
18241,335332,43,묘꾜
18242,335332,43,떼므
18244,335332,43,최쀼
18249,335334,43,데뻐
18338,335348,43,쇄뛰
18352,335351,43,뫼혀
18384,335354,43,채녜
18386,335355,43,디르
18394,335357,43,화져
18420,335361,43,쒀퓨
18442,335364,43,댜머
18447,335364,43,췌롸
18511,335376,43,료톼
18535,335380,43,타뙤
18547,335383,43,궤눼
18603,335396,43,휘뗘
18738,335423,43,꾀표
18742,335423,43,졔짜
18749,335425,43,퇴겨
18775,335429,43,돠찌
18841,335439,43,뤄커
18902,335449,43,뫼드
18910,335450,43,테뫄
18924,335452,43,쩌쐐
18947,335456,43,쳐봬
18958,335458,43,꾀쇼
18972,335461,43,쾨초
19025,335471,43,퀘머
19026,335471,43,뒈뮈
19029,335472,43,끼쮜
19045,335475,43,쏴쩌
19062,335479,43,쁘꾀
19068,335480,43,토퓌
19083,335483,43,내허
19094,335485,43,짜뤄
19135,335492,43,뤠좨
19148,335494,43,예퀘
19196,335501,43,좌쟤
19249,335509,43,뛔자
19278,335515,42,괘씌
19384,335535,42,똬웨
19411,335540,42,따쁘
19424,335541,42,띄느
19459,335546,42,퓨뤄
19468,335548,42,찌웨
19508,335556,42,뤄께
19519,335559,42,뒈아
19525,335560,42,죠괘
19552,335565,42,쇄쟤
19553,335565,42,캐깨
19674,335587,42,써꽤
19704,335591,42,교뫼
19738,335597,42,쪄줴
19751,335599,42,가섀
19843,335617,42,퇘드
19864,335620,42,려츄
19900,335626,42,귀추
19908,335628,42,퐈퀘
19969,335641,42,켸쪄
19976,335643,42,례데
20070,335657,42,구퉤
20081,335659,42,수쏘
20212,335681,42,츄쑤
20227,335683,42,때츠
20249,335687,42,죄티
20331,335704,42,기쿼
20383,335712,42,튜뙈
20398,335715,42,레수
20443,335726,42,쭤켜
20564,335746,42,꾀셔
20570,335748,42,즈귀
20577,335748,42,예캐
20589,335751,42,톼뵤
20601,335753,42,타꿔
20619,335756,42,꺼뎨
20663,335763,42,쏴찌
20689,335767,42,다또
20723,335773,42,돠디
20734,335776,42,쭤셰
20749,335778,42,샤제
20753,335778,42,케으
20773,335781,42,꺼매
20786,335784,42,뮤케
20795,335785,41,쩌켸
20850,335794,41,로쇠
20897,335803,41,바틔
20959,335816,41,쎄헤
21009,335824,41,캐퇘
21028,335826,41,괴섀
21049,335831,41,벼녜
21056,335831,41,짜쒸
21085,335837,41,리깨
21105,335842,41,포꽤
21111,335843,41,토뒤
21124,335845,41,꾀혜
21170,335854,41,퓌뽀
21259,335869,41,더뙈
21294,335875,41,촤메
21310,335879,41,주취
21321,335881,41,뛔세
21357,335889,41,씨돠
21369,335891,41,쓰톄
21400,335898,41,퀘샤
21415,335902,41,푸쒜
21495,335915,41,쒸뭬
21496,335915,41,늬눼
21536,335924,41,추껴
21552,335926,41,쉬파
21592,335933,41,데웨
21620,335939,41,꾀셰
21662,335947,41,솨스
21671,335949,41,웨혜
21672,335949,41,며쉬
21774,335968,41,카테
21786,335972,41,러퉤
21795,335973,41,뫄쏴
21815,335976,41,텨기
21931,336000,41,쪄화
22023,336020,41,쮸듸
22026,336021,41,벼쾨
22074,336029,41,괴꿰
22176,336049,41,듸댜
22188,336051,41,내뎌
22283,336069,41,후쫴
22293,336071,41,뾔챠
22321,336075,41,쑤뒈
22408,336093,41,뤄뱌
22434,336097,41,셔숴
22468,336102,41,네놔
22480,336105,41,캐고
22530,336113,41,부똬
22540,336114,41,뭐취
22563,336118,41,재뻬
22579,336120,40,브뙈
22616,336127,40,쬐튀
22675,336142,40,쫴놔
22718,336153,40,쌔저
22739,336156,40,늬퉤
22746,336159,40,표좌
22795,336168,40,줴싸
22817,336171,40,틔프
22852,336178,40,뛰쵸
22854,336178,40,뙈부
22865,336181,40,꼐뢰
22869,336181,40,돠자
22917,336191,40,쥐쇠
22958,336198,40,위뤼
22990,336204,40,늬코
23009,336209,40,휘뇌
23015,336210,40,라쿼
23054,336216,40,처풔
23059,336217,40,꽈텨
23101,336225,40,뭬꿔
23129,336231,40,쉐워
23137,336233,40,똬퀘
23149,336236,40,듀뻐
23240,336251,40,혜늬
23246,336252,40,꾀프
23318,336265,40,나펴
23371,336275,40,뀨께
23373,336275,40,게켜
23425,336284,40,겨씨
23598,336314,40,쨔뤄
23636,336319,40,쐐뾰
23669,336327,40,눼춰
23720,336337,40,타휴
23722,336337,40,해좨
23838,336360,40,귀루
23866,336364,40,쫘스
23882,336366,40,쥐퀴
23939,336377,40,툐채
23943,336378,40,네봬
23975,336383,40,이똬
24024,336392,40,수쒀
24043,336394,40,쏘펴
24092,336402,40,뫼애
24097,336403,40,퀘씌
24160,336412,40,쉐봐
24165,336413,40,다쇼
24185,336416,40,촤섀
24193,336417,40,돠퀴
24254,336427,40,리톄
24269,336429,40,빼태
24285,336431,40,홰의
24373,336447,40,쮜쵸
24492,336466,40,교셔
24531,336475,40,꽈뵤
24544,336476,40,튀뢰
24559,336479,40,베둬
24601,336485,40,둬뾔
24686,336502,40,체다
24688,336502,40,뵈류
24690,336502,40,돠뭬
24695,336503,40,타떼
24776,336517,40,패냐
24786,336519,40,툐찌
24788,336519,40,죠흐
24814,336521,40,탸취
24821,336522,40,꺄규
24882,336533,40,뢰쓰
24897,336535,40,뉘되
24910,336537,40,쇼뉘
24979,336547,40,쪼톼
24996,336549,40,휘빼
25024,336554,40,느헤
25054,336558,40,갸되
25055,336558,40,교카
25059,336559,40,짜빼
25108,336567,40,재툐
25111,336568,40,류지
25118,336568,40,소텨
25146,336573,40,튀지
25166,336575,40,페에
25174,336576,40,쎄쏴
25229,336585,40,폐뎨
25261,336591,40,꿰뮤
25265,336591,40,뜨브
25304,336596,40,뱌그
25315,336597,40,니줘
25351,336603,40,애코
25380,336607,40,뒤보
25457,336625,39,제회
25479,336630,39,놔꾸
25496,336633,39,쾨쮜
25500,336635,39,톼쏘
25504,336635,39,소어
25519,336640,39,샤회
25555,336645,39,귀뒤
25567,336646,39,훼츠
25577,336648,39,싸갸
25579,336649,39,뛔쩨
25588,336650,39,료뎨
25674,336667,39,궈교
25818,336690,39,솨뾰
25823,336691,39,꿰내
25862,336698,39,러추
25907,336708,39,눼퓌
26006,336729,39,셔쿠
26084,336747,39,샤퇘
26085,336747,39,져뮈
26118,336755,39,텨케
26154,336762,39,게붸
26192,336767,39,녀가
26195,336767,39,쬐레
26234,336775,39,뗘모
26259,336778,39,도추
26286,336783,39,푸뼈
26384,336798,39,튀드
26389,336800,39,퇘봐
26399,336802,38,눼쾌
26417,336808,38,좌뵈
26472,336818,38,뎨구
26479,336819,38,과뫼
26490,336821,38,쮜뤄
26513,336828,38,퍄꾀
26541,336833,38,띄서
26603,336844,38,쯔쇄
26604,336844,38,자쒀
26712,336869,38,여희
26751,336876,38,퇴다
26771,336880,38,훠돼
26819,336889,38,듀슈
26909,336908,38,뵈띄
26910,336909,38,웨춰
26951,336918,38,브즈
27065,336941,38,뉴묘
27125,336949,38,쾌테
27132,336952,38,퓌료
27190,336964,38,섀에
27232,336971,38,쇄좌
27268,336979,38,붜무
27349,336995,38,뭐서
27434,337012,38,줴톼
27436,337012,38,때시
27441,337013,38,뫄려
27446,337015,38,야셰
27449,337015,38,쏘쭈
27461,337018,38,샤꾸
27501,337024,38,퓨파
27506,337024,38,틔캬
27507,337024,38,퀴셔
27515,337026,38,쉬똬
27524,337028,38,눠빠
27557,337034,38,셰우
27561,337035,38,카죄
27585,337039,38,츠좨
27630,337048,38,뒤드
27652,337052,38,뾰희
27725,337066,37,겨취
27815,337089,37,놔걔
27828,337093,37,훼뵈
27842,337096,37,뤠듀
27851,337098,37,퍄데
27873,337102,37,쫴쟤
27953,337118,37,됴퇴
27981,337124,37,꾜묘
28050,337137,37,키혜
28066,337140,37,풔외
28080,337143,37,쓰꾀
28113,337153,37,뒤께
28232,337176,37,써긔
28233,337176,37,먀롸
28250,337178,37,소워
28251,337178,37,빼쐬
28264,337181,37,줘여
28290,337187,37,자봬
28315,337192,37,체귀
28379,337204,37,홰미
28412,337210,37,듸훠
28465,337219,37,매댜
28471,337220,37,붜쳬
28543,337235,37,데좌
28569,337239,37,폐뤄
28646,337255,37,므궈
28656,337257,37,드튜
28736,337270,37,주붸
28761,337275,37,유소
28806,337284,37,죠챠
28890,337299,37,쒜머
28891,337299,37,탸뒤
28897,337300,37,똬페
28919,337304,37,호펴
28926,337306,37,셔퀴
28941,337308,37,께솨
28980,337315,37,눠쀼
29003,337319,37,댜햐
29018,337321,37,처냐
29088,337335,37,벼얘
29090,337335,37,히퀴
29094,337336,37,또푀
29104,337338,37,궈최
29107,337339,37,놔짜
29137,337343,37,쒜몌
29181,337349,37,뼈뚜
29182,337349,37,겨뱌
29300,337367,37,쒜때
29308,337368,37,쥬챠
29310,337370,37,쿠눼
29347,337376,37,바케
29379,337383,37,휴뾔
29401,337385,37,써씨
29430,337392,37,러췌
29453,337396,37,버화
29544,337416,36,쪼거
29597,337427,36,타줴
29635,337434,36,놔또
29691,337442,36,테얘
29715,337447,36,쪄게
29780,337458,36,겨뵈
29784,337459,36,좨뭐
29790,337461,36,헤똬
29802,337463,36,퓨퉈
29809,337464,36,꿔즈
29810,337464,36,투소
29844,337470,36,훠뺘
29861,337473,36,혀뻐
29883,337477,36,찌케
29943,337486,36,늬뫄
29979,337494,36,뉴과
30009,337499,36,쓰촤
30021,337502,36,찌퍄
30103,337516,36,퍼과
30142,337523,36,챠쒜
30174,337528,36,퍼죠
30182,337529,36,꾸뵈
30195,337532,36,느똬
30227,337537,36,으채
30233,337538,36,츄거
30258,337542,36,쳬추
30297,337546,36,거와
30473,337587,36,뇨뺘
30497,337592,36,숴둬
30501,337593,36,셔뀌
30542,337602,36,쮸뛔
30556,337605,36,햐돠
30579,337608,36,퇘폐
30592,337609,36,카쏴
30618,337614,36,쮸뙤
30713,337631,36,뎌의
30727,337633,36,볘래
30731,337634,36,쟈띄
30736,337635,36,졔쾌
30779,337643,36,냐갸
30839,337653,36,쫴니
30852,337655,36,쐐퓌
30878,337660,36,쳬쾌
30914,337668,36,쑈쉬
30941,337671,36,뤼쇼
31048,337693,35,뤄추
31060,337695,35,휘퉤
31148,337712,35,됴쪼
31180,337720,35,대캬
31213,337726,35,겨꿰
31252,337733,35,틔뇌
31267,337735,35,흐얘
31307,337742,35,뵈때
31352,337749,35,휴꿰
31361,337751,35,쟤뵈
31384,337755,35,깨쒸
31590,337801,35,회긔
31604,337804,35,섀뿌
31611,337807,35,꼬눠
31624,337810,35,녜쌔
31728,337833,35,눠졔
31794,337848,35,괘뇨
31815,337853,35,눠디
31876,337869,35,캬켸
31944,337884,35,수궈
31947,337885,35,하펴
31963,337888,35,야뒈
31967,337889,35,솨커
31981,337893,35,테때
32036,337908,35,뵈띠
32051,337912,35,늬때
32081,337925,35,괘퇴
32110,337934,35,쏘큐
32122,337937,35,뒈케
32136,337945,35,꺄취
32161,337952,35,브최
32180,337956,35,푀태
32211,337968,35,꽤뤠
32253,337986,35,와카
32265,337991,35,솨겨
32281,337999,35,퇴돼
32296,338006,35,뭬휴
32310,338010,35,뷰프
32316,338013,35,쩨크
32351,338024,35,쫘고
32388,338036,35,쿠퇘
32453,338056,35,허겨
32458,338058,35,루퀘
32469,338061,35,꾀댜
32538,338090,35,훠메
32552,338097,35,기롸
32639,338131,35,째놔
32706,338159,35,볘푸
32739,338176,35,뛔툐
32741,338177,35,위터
32749,338181,35,교눼
32780,338194,35,빼투
32791,338199,35,좨최
32885,338236,35,퇴누
33019,338296,35,괘와
33020,338297,35,뙤표
33022,338297,35,뜨며
33023,338298,35,뵤쫘
33086,338322,35,교셰
33150,338349,35,희쩨
33265,338397,35,꾸됴
33271,338401,35,내쐐
33310,338416,35,야취
33321,338419,35,췌소
33326,338420,35,똬뙤
33352,338431,35,쪄누
33354,338431,35,퀘꽤
33367,338437,35,붜꺄
33376,338443,35,콰붜
33382,338450,35,쪼므
33481,338504,35,뻐느
33498,338514,35,틔쭈
33501,338515,35,가게
33550,338524,34,허카
33569,338527,34,기누
33570,338527,34,줴쪄
33589,338530,34,쒜풔
33599,338532,34,뒤유
33627,338537,34,긔커
33740,338560,34,떼졔
33748,338562,34,뭬티
33824,338574,34,내궈
33866,338580,34,되놔
33877,338582,34,솨쉐
33911,338586,34,크쐐
33936,338590,34,뉘스
33947,338592,34,께꽈
33988,338601,34,봬뱌
34016,338605,34,냐뉴
34070,338614,34,네데
34073,338615,34,뤠뎨
34078,338615,34,수냐
34105,338620,34,퇘까
34151,338627,34,사꽈
34168,338629,34,쬐나
34175,338630,34,쑤됴
34231,338638,34,똬아
34324,338653,34,캬마
34333,338657,34,듀유
34340,338658,34,갸유
34361,338661,34,꽤터
34362,338662,34,혜놔
34380,338667,34,쭤뙤
34433,338677,34,뻐댜
34468,338683,34,쐐뇨
34480,338684,34,왜프
34518,338690,34,표훼
34587,338701,34,괘나
34603,338703,34,수뤄
34612,338704,34,숴쾌
34622,338706,34,파띄
34683,338717,34,뾔뙤
34763,338732,34,붜쐬
34811,338738,34,치왜
34825,338742,34,섀랴
34838,338744,34,쪄코
34886,338751,34,고피
34927,338759,34,뷔찌
34988,338767,34,뺘붜
35183,338803,34,쀼쪄
35184,338804,34,최깨
35193,338805,34,후치
35262,338814,34,쨔벼
35272,338816,34,저쪼
35326,338825,34,코쨔
35328,338825,34,려모
35330,338825,34,고파
35346,338827,34,뭬듸
35348,338828,34,뾰똬
35445,338846,34,놔꺼
35449,338847,34,쑈꾀
35494,338857,34,꺄포
35528,338863,34,톄페
35542,338866,34,유콰
35579,338874,34,죠보
35593,338876,34,바뤄
35641,338885,34,희츄
35646,338886,34,끄퇘
35656,338889,34,요뫄
35668,338891,34,놔투
35699,338897,34,어카
35732,338903,33,퇴취
35849,338924,33,쓰갸
35889,338933,33,초졔
35910,338937,33,꾀쟤
35919,338938,33,이볘
35954,338943,33,켸탸
35990,338947,33,듸써
36010,338950,33,또쟤
36012,338950,33,쥬쇄
36024,338951,33,뷰꼐
36071,338961,33,뛔흐
36117,338968,33,쮸요
36130,338969,33,몌돼
36157,338973,33,취아
36167,338976,33,쳐해
36242,338988,33,퇴쀼
36257,338991,33,쟈쩨
36293,338999,33,챠되
36294,338999,33,류푀
36363,339010,33,나뷔
36366,339011,33,비퇘
36425,339021,33,케뉘
36440,339023,33,쥐켜
36474,339027,33,호뼈
36478,339028,33,퍄뭐
36495,339031,33,뉘자
36528,339037,33,댜료
36540,339039,33,하꿔
36551,339040,33,버채
36567,339043,33,푀메
36583,339045,33,쿼쯔
36597,339047,33,꿰뀌
36605,339048,33,태쏘
36616,339050,33,뚜꼐
36653,339057,33,펴롸
36681,339061,33,좌배
36695,339064,33,톼쫴
36719,339068,33,얘카
36784,339077,33,귀도
36819,339081,33,쉐쩌
36921,339097,33,좨몌
36947,339102,33,걔쏘
36963,339103,33,훼쉐
36987,339108,33,꽤그
37044,339117,33,훼희
37057,339119,33,커효
37105,339127,33,톼표
37124,339130,33,뾔캐
37135,339132,33,궈뫄
37159,339136,33,쑈후
37314,339161,33,째페
37344,339166,33,뺘섀
37354,339168,33,뤼뀨
37380,339173,33,튀채
37407,339178,33,다쿄
37408,339178,33,효뿌
37538,339199,33,까퀘
37586,339208,33,뫄이
37638,339216,33,쫘화
37656,339218,33,최취
37664,339219,33,푀꾜
37691,339226,33,펴재
37759,339237,33,겨돼
37793,339240,33,짜더
37801,339241,33,쨔리
37842,339247,33,후퍼
37845,339248,33,뵤왜
37864,339250,33,꺼뀨
37905,339255,33,쉬놔
37923,339258,33,쩨쩌
37926,339259,33,뛔거
37982,339267,33,그파
37999,339269,33,소탸
38061,339277,33,느뫄
38075,339279,33,터라
38086,339280,33,뢰부
38108,339284,33,쒜며
38126,339287,33,크교
38158,339290,33,늬우
38164,339291,33,뀨여
38185,339294,33,얘붸
38192,339295,33,끼뎨
38195,339295,33,풔유
38236,339302,33,예패
38237,339302,33,듸쑤
38255,339304,33,부프
38257,339305,33,애고
38275,339307,33,슈그
38288,339310,33,쩨녀
38372,339320,33,똬쳬
38379,339321,33,피뻬
38414,339326,33,롸이
38420,339327,33,켸쐐
38443,339331,33,드쥬
38455,339333,33,위탸
38510,339342,33,뽀냐
38529,339345,33,뭐와
38531,339345,33,뒈갸
38542,339347,33,대쇠
38623,339359,33,똬스
38632,339361,33,쩌좌
38666,339369,32,따까
38725,339377,32,뒈꼐
38781,339390,32,쑤쾌
38783,339390,32,휴뛔
38792,339392,32,더수
38801,339394,32,먀커
38938,339425,32,좨뿌
38974,339432,32,꽈냐
38992,339435,32,뺘츠
39094,339459,32,쒀떠
39108,339462,32,차깨
39120,339464,32,됴좨
39182,339476,32,놔뮤
39192,339478,32,빠꾀
39197,339479,32,뤄텨
39223,339483,32,뜨재
39233,339484,32,쇠해
39243,339487,32,뤼퍄
39276,339494,32,뢰배
39279,339494,32,눠톼
39288,339496,32,혜웨
39310,339501,32,튀녀
39331,339506,32,초쪄
39384,339515,32,키큐
39393,339516,32,붸쑈
39455,339530,32,퓨계
39458,339530,32,숴커
39468,339532,32,눠꽤
39471,339532,32,텨호
39570,339552,32,쒀묘
39573,339552,32,보대
39582,339554,32,흐퓌
39588,339554,32,게퐈
39600,339557,32,저뭬
39709,339584,32,퇘래
39729,339588,32,저웨
39749,339592,32,소쒜
39755,339594,32,웨께
39760,339595,32,호둬
39822,339610,32,쮜됴
39945,339634,32,둬죠
39947,339634,32,쏴더
39989,339640,32,걔따
39994,339641,32,쁘의
40003,339642,32,우쵸
40016,339645,32,표대
40205,339677,32,좌쐐
40217,339679,32,례퉤
40284,339688,32,뚜개
40323,339695,32,띠퉈
40357,339703,32,러녀
40376,339707,32,포됴
40440,339721,32,띄홰
40448,339723,32,꾀츠
40486,339731,32,퓌위
40504,339733,32,둬왜
40522,339737,32,파쾌
40575,339747,32,과어
40581,339748,32,춰볘
40618,339754,32,랴꾀
40629,339755,32,쉐또
40664,339761,32,뮈화
40670,339762,32,캬퉤
40690,339766,32,듸쫴
40712,339769,32,꾜섀
40729,339772,32,희폐
40730,339772,32,의뀨
40742,339774,32,꼐뮈
40747,339775,32,뻐춰
40776,339781,32,쒀콰
40811,339787,32,애눼
40824,339789,32,퉤쏘
40963,339811,32,그퇘
40975,339812,32,쪄죄
41161,339839,31,쌔씨
41184,339843,31,프뙈
41211,339849,31,티취
41231,339852,31,째꿰
41239,339854,31,됴췌
41422,339888,31,쐐셔
41444,339893,31,뵈쎄
41578,339917,31,죠찌
41603,339923,31,느뤠
41620,339926,31,쵸끼
41671,339936,31,쪄퓌
41715,339945,31,꽤후
41733,339949,31,허쯔
41739,339950,31,퍄추
41759,339954,31,펴데
41824,339969,31,지뫼
41829,339971,31,쵸보
41896,339981,31,좨쒸
41907,339984,31,디뻐
41981,339999,31,패마
41998,340002,31,뷔쥬
42016,340005,31,쐬빼
42069,340016,31,료쫘
42122,340027,31,헤쏘
42131,340028,31,부눠
42231,340046,31,위의
42236,340046,31,죄뷔
42345,340071,31,쪼외
42425,340087,31,쉐괴
42451,340095,31,혀주
42475,340099,31,섀뤼
42523,340106,31,그뛰
42582,340119,31,퓨되
42589,340121,31,카쫘
42601,340123,31,쎄뒤
42685,340138,31,후좌
42686,340138,31,셰워
42814,340160,31,쒜뤠
42818,340161,31,떼쏴
42837,340165,31,계롸
42854,340168,31,봬쐐
42884,340172,31,보뙤
42905,340176,31,벼세
42939,340182,31,누쐬
42951,340183,31,료쉐
42991,340190,31,줴폐
43027,340195,31,셔볘
43078,340204,31,효궤
43105,340209,31,붸훠
43138,340216,31,에쯔
43224,340231,31,뺘틔
43231,340232,31,퓌캐
43247,340236,31,꼐줘
43289,340244,31,뤠퇴
43341,340256,31,뀨몌
43394,340267,31,대뭐
43416,340271,31,녜괴
43479,340283,31,끼뵈
43566,340297,31,다좨
43723,340326,31,촤휘
43746,340332,31,벼졔
43773,340338,31,취콰
43885,340358,31,햐뇌
43920,340364,31,녜레
43935,340365,31,츠뤼
43949,340368,31,툐셔
43972,340373,31,놔무
43989,340377,31,퓌쮸
44008,340380,31,교눠
44009,340380,31,궈사
44052,340391,31,쒀냐
44056,340391,31,눠개
44113,340402,31,뫼써
44129,340405,31,튀꿰
44214,340418,31,터쳬
44304,340434,31,쐐수
44314,340436,31,쿼슈
44326,340437,31,쩨퀘
44328,340437,31,쏴띠
44390,340445,31,셰더
44404,340447,31,휴쪄
44420,340450,31,사펴
44448,340457,31,삐쮜
44503,340467,31,누께
44552,340475,31,따쪄
44566,340478,31,너뇨
44637,340490,31,뉘쳐
44654,340492,31,크뭐
44700,340500,31,쳬쇠
44787,340512,31,뗘주
44806,340516,31,까췌
44876,340527,30,뮈놔
44902,340533,30,겨제
44941,340541,30,쩨쫘
45060,340566,30,쇠봬
45067,340567,30,뷰므
45082,340569,30,얘궈
45168,340582,30,먀끼
45191,340585,30,띄쳬
45335,340610,30,툐돠
45358,340613,30,버귀
45437,340627,30,내뻬
45505,340640,30,또툐
45508,340641,30,흐듀
45561,340650,30,외배
45605,340658,30,뺘계
45622,340661,30,뵤놔
45677,340673,30,크뉘
45699,340676,30,셰홰
45702,340677,30,짜쟤
45707,340679,30,쩨솨
45723,340681,30,회괘
45822,340701,30,로좌
45833,340702,30,꺼자
45880,340709,30,흐수
45884,340709,30,깨케
45998,340728,30,므뫄
46049,340737,30,싸야
46104,340747,30,수긔
46114,340748,30,쉬웨
46188,340759,30,껴위
46195,340760,30,뎨뚜
46213,340763,30,줘태
46290,340776,30,뒈페
46305,340778,30,끼재
46385,340793,30,튀터
46412,340799,30,틔쉬
46422,340800,30,가쿼
46481,340814,30,깨게
46534,340823,30,꺄뛰
46600,340836,30,쉐쫴
46683,340852,30,훠꿰
46690,340852,30,돠홰
46703,340854,30,라깨
46735,340859,30,야서
46771,340865,30,얘늬
46774,340865,30,눠죠
46878,340884,30,프껴
46886,340885,30,지휘
46900,340888,30,배톄
46901,340888,30,겨쒀
46915,340890,30,퓌묘
46931,340894,30,춰기
46937,340895,30,듀췌
46941,340895,30,뇨퀘
46955,340898,30,꾸대
46958,340898,30,께쾨
46964,340899,30,제구
46994,340905,30,쌔탸
47034,340912,30,끄틔
47114,340930,30,브뀨
47118,340931,30,류뒈
47120,340931,30,뉘두
47162,340939,30,예대
47173,340940,30,튜꼐
47177,340941,30,두뀌
47207,340946,30,뭬뮤
47266,340956,30,쬐규
47302,340963,30,위더
47313,340964,30,크놔
47367,340974,30,체롸
47427,340985,30,뵈눼
47428,340985,30,쫴붜
47429,340986,30,파최
47476,340995,30,소까
47521,341003,30,쇄때
47549,341006,30,효쬐
47620,341017,30,꼬의
47665,341023,30,뼈례
47699,341029,30,뤼뛔
47701,341030,30,뎨햐
47767,341040,30,요뾰
47840,341053,30,쑤쫴
47868,341058,30,죠뎨
47884,341060,30,갸퀴
47885,341060,30,내쾌
47887,341060,30,배좨
47891,341061,30,그꾀
47915,341064,30,텨뼈
47996,341076,30,큐춰
48102,341092,30,쀼펴
48118,341095,30,초뀨
48142,341097,30,세퇴
48152,341098,30,쇠고
48154,341098,30,쐬씨
48183,341102,30,바씨
48226,341110,30,쳐꺼
48318,341125,30,랴눼
48354,341130,30,껴처
48374,341133,30,워떼
48525,341155,30,쟈휴
48536,341157,30,로쎄
48552,341159,30,캬키
48579,341163,30,뗘테
48614,341169,30,쿄머
48645,341174,30,촤레
48659,341176,30,으쿼
48672,341177,30,쏘바
48699,341182,30,쬐와
48706,341183,30,묘봐
48792,341197,30,냐궤
48811,341200,30,쇄차
48828,341202,30,홰쇄
48878,341208,30,티가
48887,341210,30,뢰숴
48991,341226,30,세쫴
48996,341227,30,늬폐
49008,341229,30,요가
49015,341229,30,때눼
49023,341230,30,해혀
49068,341240,30,줴고
49084,341242,30,왜껴
49095,341243,30,큐쎄
49112,341246,30,툐므
49178,341260,30,퉈혀
49187,341261,30,뷔기
49201,341264,30,괘끄
49202,341264,30,크타
49311,341288,29,뭬내
49437,341314,29,괘쇼
49466,341319,29,루콰
49541,341334,29,퉈와
49621,341355,29,놔줴
49646,341361,29,쨔쪼
49703,341376,29,쉬쑤
49705,341376,29,똬뎨
49742,341386,29,눠해
49903,341422,28,취찌
49995,341440,28,뿌서
50030,341449,28,여뙤
50117,341469,28,두솨
50145,341475,28,뇌라
50165,341479,28,려먀
50209,341488,28,꿔캬
50241,341495,28,펴댜
50293,341506,28,뻬꼬
50316,341513,28,피커
50317,341513,28,케쇄
50324,341515,28,뒈계
50332,341516,28,께쒀
50334,341517,28,혀써
50339,341518,28,뇌끄
50372,341525,28,하화
50381,341526,28,쫴퉈
50469,341543,28,꼬띄
50484,341547,28,뗘퇴
50487,341548,28,머부
50530,341557,28,싸뇨
50536,341557,28,되부
50581,341566,28,디무
50584,341566,28,여둬
50614,341572,28,뫄뾰
50630,341576,28,걔머
50670,341586,28,화뭬
50674,341586,28,아켜
50675,341586,28,쿼귀
50698,341592,28,뙈이
50735,341599,28,뻐뾰
50769,341605,28,거쾨
50773,341605,28,터댜
50779,341608,28,뷔뵤
50815,341615,28,뤠뜨
50880,341629,28,티햐
50953,341644,28,뤠꺄
51068,341664,28,텨셰
51084,341667,28,유됴
51145,341682,28,쇠좨
51233,341697,28,퐈뒈
51264,341702,28,테둬
51279,341704,28,헤쵸
51359,341722,27,예슈
51370,341724,27,끄타
51433,341735,27,둬끼
51449,341736,27,뫼히
51450,341736,27,버로
51483,341743,27,표캬
51499,341745,27,저쿄
51524,341751,27,퐈뫼
51560,341757,27,줴계
51576,341761,27,켜취
51579,341761,27,교즈
51591,341764,27,트켜
51608,341767,27,돠쑈
51610,341767,27,씨꾜
51633,341772,27,펴뎨
51642,341774,27,뜨꿔
51663,341779,27,쳬쿼
51664,341779,27,라쉐
51683,341782,27,루헤
51725,341790,27,료퐈
51755,341794,27,배꾀
51792,341800,27,궈왜
51862,341813,27,껴슈
51913,341821,27,삐퓌
51914,341822,27,츄뫼
51926,341824,27,봬꺼
51935,341825,27,쭤켸
52041,341843,27,뾔표
52060,341847,27,드뱌
52068,341849,27,췌쾌
52097,341854,27,쟤태
52105,341855,27,쑈뒤
52119,341857,27,궈쐬
52145,341862,27,저뵈
52228,341879,27,퐈깨
52253,341883,27,느쾌
52315,341892,27,뚜튜
52316,341892,27,테구
52317,341893,27,섀쾌
52325,341893,27,홰카
52335,341895,27,똬코
52358,341899,27,톄쎄
52431,341914,26,깨눠
52515,341933,26,뒤퐈
52528,341935,26,봐화
52534,341937,26,화쒸
52562,341945,26,콰치
52616,341957,26,샤뫼
52640,341962,26,므쐐
52659,341965,26,줘쿼
52698,341973,26,쏘터
52767,341983,26,뷰냐
52768,341983,26,뵤느
52777,341984,26,계껴
52790,341985,26,와추
52837,341994,26,쾨툐
52949,342017,26,구뼈
53018,342031,26,뤼궤
53043,342037,26,뛰켸
53056,342039,26,쇼봬
53114,342050,26,퍼꽈
53143,342056,26,뤠너
53158,342058,26,뤄쯔
53202,342068,26,레규
53204,342068,26,끄뻬
53248,342078,26,효퀴
53261,342080,26,찌쥐
53287,342086,26,톼싸
53312,342090,26,니대
53321,342092,26,규둬
53345,342097,26,묘뫄
53366,342100,26,쉐쒜
53375,342103,26,놔표
53457,342120,26,더훠
53523,342133,26,쒸주
53540,342137,26,펴뫼
53582,342145,26,꽤푀
53587,342147,26,뇌퍄
53594,342148,26,죠귀
53649,342162,25,몌켸
53661,342163,25,붸봐
53690,342169,25,토뼈
53692,342169,25,쬐뾰
53714,342175,25,쀼겨
53723,342176,25,녜써
53744,342181,25,띠퇴
53805,342196,25,봐리
53818,342199,25,노쒜
53853,342208,25,예터
53858,342211,25,몌슈
53859,342211,25,헤퉤
53910,342220,25,붜뾔
53915,342221,25,뉘려
54063,342256,25,패뤼
54073,342258,25,둬늬
54116,342269,25,롸타
54120,342269,25,껴듀
54128,342270,25,키겨
54262,342296,25,쒜졔
54263,342296,25,무놔
54312,342306,25,뮤캐
54347,342312,25,쉬뺘
54354,342313,25,까웨
54356,342313,25,애왜
54358,342314,25,풔쿄
54365,342315,25,긔켸
54377,342317,25,폐쮜
54387,342318,25,투붜
54391,342319,25,뭐갸
54436,342330,25,퉤쩌
54440,342331,25,뛔퀘
54449,342333,25,제괴
54480,342342,25,어쭤
54597,342367,25,뢰쫘
54621,342373,25,눼뷰
54650,342380,25,코까
54685,342387,25,좌꼐
54704,342391,25,계재
54707,342391,25,더조
54769,342404,25,다더
54836,342419,25,쵸쾨
54910,342433,25,끼표
54931,342437,25,쯔퀴
54981,342446,25,꽤쏘
55022,342454,25,빼괘
55052,342460,25,똬야
55054,342460,25,쏘저
55071,342461,25,뒤뤄
55108,342470,25,쏴초
55157,342480,25,쒸초
55200,342487,25,뢰뒈
55236,342492,25,늬샤
55369,342523,24,괴귀
55463,342541,24,쇄톄
55486,342545,24,퓌추
55502,342548,24,꺄됴
55509,342550,24,쇄뜨
55522,342552,24,녜눠
55531,342553,24,붜퉈
55535,342555,24,끄뤼
55545,342556,24,계퉤
55573,342561,24,쿼뻬
55590,342565,24,녜태
55643,342577,24,쪄뻐
55679,342583,24,꿔태
55699,342587,24,최초
55704,342588,24,뙈쒜
55706,342588,24,쓰쒜
55707,342588,24,회툐
55826,342613,24,퇴샤
55948,342641,24,쫘께
55965,342645,24,모쒸
55980,342648,24,켸쿄
55990,342652,24,쭤뒤
56010,342656,24,띠귀
56028,342660,24,쯔취
56050,342665,24,챠붸
56054,342666,24,뼈퀴
56088,342671,24,꽤쭤
56095,342672,24,쭈꼐
56118,342676,24,저네
56137,342680,24,뺘뫄
56155,342684,24,뙈뺘
56157,342684,24,이궤
56173,342686,24,됴꺄
56181,342687,24,대뀌
56305,342709,24,솨쬐
56323,342713,23,놔뗘
56362,342721,23,초숴
56437,342740,23,웨뮈
56462,342746,23,왜희
56506,342754,23,주뾔
56521,342759,23,께최
56527,342762,23,돠외
56532,342762,23,크위
56597,342775,23,터우
56608,342778,23,붸췌
56616,342780,23,뵈쉬
56625,342783,23,뻬치
56681,342794,23,으게
56707,342799,23,와려
56768,342813,23,췌버
56779,342815,23,똬효
56790,342816,23,뷰대
56792,342817,23,섀뛔
56799,342817,23,료뮤
56807,342819,23,혜째
56841,342823,23,뵤과
56858,342826,23,래켸
57085,342873,23,푀퓌
57108,342876,23,뙈뎨
57145,342884,23,큐효
57154,342887,23,쉬쿠
57170,342891,23,느켜
57192,342896,23,촤띄
57229,342900,23,소캐
57268,342907,23,붸꾀
57356,342923,23,쨔쥬
57376,342930,23,튀뺘
57395,342933,23,쉐뻐
57397,342933,23,요끼
57400,342934,23,되빼
57441,342941,23,머뙈
57502,342950,23,씨뛔
57508,342951,23,죠쿠
57634,342975,22,그촤
57638,342976,22,쫴뎌
57666,342982,22,뀌퓌
57716,342993,22,쟤셔
57764,343005,22,쫴뫄
57867,343026,22,톄투
57949,343045,22,퇴차
57984,343051,22,튀궤
58007,343057,22,뒈째
58015,343058,22,퇘퉈
58038,343061,22,푀갸
58082,343070,22,쫴구
58118,343079,22,듸포
58160,343086,22,뫄뜨
58190,343092,22,쐐얘
58199,343094,22,으혀
58251,343104,22,게붜
58270,343107,22,키이
58295,343113,22,퉈쑈
58298,343114,22,체꽈
58299,343114,22,뙤뀌
58305,343115,22,냐츄
58329,343119,22,숴쟤
58342,343121,22,마늬
58349,343122,22,얘혀
58391,343128,22,쭈뎨
58409,343132,22,또요
58421,343133,22,뜨뛰
58457,343140,22,파료
58503,343147,22,뇌눠
58580,343160,22,샤소
58595,343163,22,표뾔
58598,343163,22,키숴
58616,343167,22,띠삐
58623,343168,22,뤄차
58626,343169,22,둬꺼
58690,343177,22,퀘쮜
58805,343200,22,쒀뀌
58841,343208,22,콰쿄
58901,343219,22,르삐
58904,343220,22,튜콰
58924,343222,22,돠미
58964,343231,22,네혀
58978,343234,22,놔늬
58995,343235,22,채뚜
59005,343237,22,퐈누
59016,343238,22,고캬
59033,343242,22,귀뤠
59056,343246,22,좨껴
59091,343253,22,때괘
59210,343272,22,뗘타
59229,343275,22,쒀죄
59242,343277,22,계해
59255,343278,22,떼보
59270,343281,22,녜혀
59369,343298,22,쳐쒀
59467,343318,22,늬궤
59470,343319,22,죄예
59505,343325,22,쑈쭤
59538,343332,22,뢰촤
59541,343333,22,먀좌
59619,343349,22,똬춰
59638,343353,21,듸찌
59785,343377,21,췌뤄
59797,343380,21,볘쒸
59864,343395,21,돠눼
59867,343396,21,띄보
59871,343397,21,크새
59882,343399,21,씌띄
59939,343411,21,뢰뭬
59956,343415,21,꽤촤
60032,343431,21,뽀훼
60035,343432,21,샤뛔
60125,343448,21,쑈뷔
60131,343449,21,왜푀
60134,343449,21,뷔타
60138,343450,21,파꺄
60142,343451,21,줘러
60175,343458,21,도눠
60192,343460,21,혀두
60307,343481,21,쎄슈
60309,343482,21,쾌캬
60373,343494,21,효탸
60378,343496,21,퍼라
60422,343503,21,띄줘
60432,343505,21,쾨녀
60471,343511,21,캬좌
60483,343514,21,쫘톼
60506,343518,21,여켜
60543,343526,21,쐬뼈
60546,343526,21,퇴궤
60568,343530,21,뤼되
60601,343535,21,취서
60613,343538,21,뒤롸
60702,343552,21,고췌
60703,343552,21,으귀
60758,343560,21,소햐
60811,343568,21,뷰거
60818,343569,21,니취
60839,343572,21,휘바
60844,343573,21,궤페
60859,343575,21,폐뙈
60861,343575,21,톄냐
60886,343579,21,리몌
60893,343580,21,꿔아
60896,343581,21,녜주
60942,343589,21,휴똬
60978,343596,21,며쪄
60995,343600,21,끼과
61073,343619,20,뾔죠
61080,343621,20,뷔긔
61142,343633,20,볘으
61157,343636,20,퍼퓌
61189,343643,20,까며
61220,343647,20,궤뾔
61235,343649,20,쇠죠
61336,343665,20,꽤퇴
61348,343667,20,쾌쨔
61361,343670,20,뤠뎌
61406,343678,20,캬의
61441,343685,20,파켸
61442,343685,20,쾌쑈
61488,343694,20,훼뀌
61594,343712,20,톼혀
61597,343713,20,쬐좌
61647,343724,20,봐휘
61651,343725,20,대까
61665,343727,20,재쎄
61672,343728,20,콰유
61676,343728,20,틔돠
61677,343728,20,솨프
61683,343729,20,왜뙤
61726,343738,20,뎨쟈
61750,343742,20,꽤때
61755,343743,20,쒀며
61772,343746,20,꾀풔
61863,343764,20,체뷔
61927,343774,20,테콰
61973,343783,20,게뗘
61980,343784,20,꽈춰
62002,343788,20,쩨숴
62082,343803,20,내솨
62104,343807,20,줘터
62105,343807,20,퐈서
62108,343808,20,휘풔
62157,343818,20,도왜
62172,343822,20,쏴꿰
62213,343829,20,키뵈
62224,343830,20,풔꿰
62230,343832,20,뛰류
62241,343833,20,뉴찌
62290,343841,20,뗘뜨
62310,343844,20,섀뭬
62314,343845,20,혀가
62323,343846,20,차꽈
62371,343854,20,쏴쇠
62383,343855,20,뿌녜
62486,343872,20,쉬퇴
62505,343875,20,뛰교
62547,343881,20,까퓨
62557,343883,20,폐톼
62588,343890,20,캐배
62592,343890,20,롸머
62595,343891,20,춰뀌
62613,343893,20,끼퉈
62614,343893,20,쮸타
62615,343893,20,마훼
62626,343894,20,휘휴
62658,343899,20,씌됴
62674,343901,20,요요
62704,343905,20,토쉐
62733,343911,20,쬐서
62744,343914,20,뉘카
62818,343925,20,퐈뇨
62830,343928,20,페또
62838,343929,20,끼어
62902,343939,20,텨뫼
62923,343942,20,래가
62925,343943,20,늬교
62935,343945,20,과쫘
63017,343959,20,새꿰
63048,343964,20,톼저
63049,343964,20,걔폐
63143,343984,20,태녜
63213,344000,19,와뙈
63233,344005,19,매숴
63340,344028,19,베키
63365,344034,19,죄쫴
63430,344047,19,디씌
63508,344063,19,랴애
63535,344069,19,랴끄
63558,344074,19,쒜어
63571,344077,19,혜뾔
63652,344090,19,쟤몌
63654,344090,19,뷰쟤
63666,344092,19,쏘소
63704,344099,19,꾸꼐
63781,344114,19,노쿼
63786,344114,19,퀴시
63796,344118,19,때췌
63829,344123,19,꼬뺘
63872,344130,19,의켜
63926,344138,19,쑈누
63932,344139,19,콰최
63946,344141,19,째퀘
63972,344146,19,뤼래
64010,344154,19,꽈으
64052,344162,19,괘쒜
64061,344163,19,제쇄
64156,344181,19,됴뾔
64198,344187,19,몌퇘
64216,344190,19,퀘춰
64249,344199,19,커이
64379,344222,19,루쁘
64421,344233,19,보찌
64494,344250,19,쨔볘
64497,344250,19,치제
64532,344256,19,새탸
64668,344285,19,쫴터
64694,344290,19,눠쇠
64711,344295,19,뗘듸
64756,344304,19,례과
64798,344314,18,펴쎄
64810,344317,18,둬화
64830,344321,18,쇄되
64865,344328,18,쒜뤄
64919,344338,18,틔페
64967,344346,18,게뎨
64976,344348,18,뇨쎄
64989,344349,18,기쇄
65000,344351,18,쿠쐐
65010,344353,18,퉤체
65015,344355,18,줴켸
65096,344370,18,터쟈
65132,344376,18,쳬키
65139,344377,18,서뒈
65189,344387,18,헤에
65192,344388,18,싸쟈
65256,344401,18,리퐈
65259,344402,18,돠큐
65344,344417,18,녀푀
65362,344419,18,궤푸
65425,344432,18,므꽤
65436,344435,18,훼겨
65488,344444,18,쫴셰
65506,344448,18,추쑈
65528,344451,18,체취
65610,344464,18,괘뛰
65675,344476,18,데쩌
65686,344477,18,쐬쥐
65694,344480,18,그톄
65713,344483,18,쉐꽈
65780,344496,18,무류
65789,344497,18,투띄
65856,344510,18,괴드
65863,344511,18,며켜
65876,344514,18,왜취
65888,344516,18,톄돠
65892,344516,18,헤다
65897,344517,18,폐껴
65912,344519,18,놔켜
65932,344524,18,까캬
65973,344531,18,퀘아
66095,344554,18,쒸최
66101,344555,18,쳐뻐
66109,344556,18,회려
66200,344576,17,홰뾰
66227,344583,17,챠뙈
66231,344583,17,궈퍼
66254,344588,17,왜후
66267,344592,17,께껴
66308,344602,17,빠뛰
66414,344626,17,츠세
66416,344627,17,뛔베
66435,344632,17,쩨섀
66468,344638,17,괘섀
66539,344651,17,그쫘
66550,344653,17,처꿔
66582,344659,17,뗘뻬
66623,344666,17,췌꺼
66688,344683,17,서뱌
66728,344693,17,뾔퀘
66781,344705,17,때돠
66790,344708,17,까쏴
66834,344717,17,싸퍼
66886,344729,17,쒸쇠
66933,344741,17,뙈긔
66978,344750,17,틔크
67047,344767,17,타풔
67099,344779,17,씌뿌
67123,344784,17,뺘톼
67184,344797,17,꽤듸
67228,344804,17,요수
67254,344809,17,노뻬
67258,344809,17,쇼돼
67320,344819,17,재붜
67330,344820,17,냐쑤
67415,344837,17,쟈쾨
67485,344852,16,죄섀
67496,344855,16,도뼈
67542,344864,16,듀쬐
67576,344870,16,쉬차
67591,344874,16,싸둬
67628,344881,16,꼐띠
67632,344881,16,리쫘
67711,344897,16,쮜워
67762,344907,16,후눠
67775,344910,16,쐐좨
67832,344920,16,빼쳐
67842,344922,16,톄드
67847,344923,16,째퓨
67906,344936,16,콰꽤
67911,344936,16,쯔춰
67961,344947,16,퓨뾰
68032,344965,16,커페
68114,344985,16,쐬뷔
68117,344986,16,카쥬
68118,344986,16,쫘여
68162,344996,16,희취
68171,344997,16,꽤뻬
68333,345030,16,둬레
68351,345034,16,레뎌
68364,345038,16,랴혀
68487,345062,16,홰뤄
68513,345065,16,쇼예
68519,345068,16,귀뷔
68544,345075,16,되워
68605,345085,16,아쭤
68652,345095,16,셰쐐
68706,345104,16,주츄
68732,345108,16,켸콰
68735,345109,16,토바
68744,345109,16,노훼
68795,345120,16,쮸롸
68810,345121,16,좌뎨
68811,345121,16,쉬꾜
68825,345123,16,꺼표
68857,345128,16,의뻬
68867,345130,16,허뗘
68886,345133,16,붸눼
68900,345135,16,쳬뜨
68935,345141,16,쌔뎌
68974,345146,16,노띠
68989,345148,16,디롸
69012,345154,16,쐐갸
69017,345155,16,뵤뎌
69025,345157,16,래봐
69027,345157,16,호쮜
69074,345165,16,퀘췌
69128,345174,16,허롸
69146,345177,16,뇨퀴
69183,345182,16,꽈콰
69198,345184,16,먀뤼
69257,345193,16,피꾸
69285,345198,16,째쫴
69289,345198,16,끼뮤
69291,345198,16,퇴퇴
69338,345206,16,트처
69342,345207,16,바뼈
69361,345210,16,져쐐
69389,345214,16,류쐐
69396,345215,16,쇄레
69464,345231,15,과냐
69487,345235,15,쟤터
69502,345239,15,쟤후
69507,345241,15,버뾔
69606,345264,15,뀨타
69633,345270,15,펴프
69655,345276,15,며드
69661,345278,15,에와
69676,345281,15,마뎨
69690,345284,15,하퀴
69692,345284,15,뛔피
69703,345286,15,쭤계
69749,345296,15,껴떠
69761,345297,15,우허
69788,345302,15,툐뷔
69798,345304,15,퉤슈
69817,345307,15,쟈눠
69847,345314,15,꽈려
69866,345319,15,네쒸
69925,345334,15,댜똬
69941,345338,15,뙈데
69984,345349,15,어꾸
70018,345358,15,쉐빼
70033,345361,15,쩨캐
70070,345370,15,붸짜
70084,345373,15,웨테
70104,345378,15,튀휴
70145,345387,15,볘뱌
70161,345390,15,화어
70169,345392,15,표께
70183,345394,15,유취
70288,345414,15,저케
70380,345433,15,디두
70382,345434,15,푀거
70398,345438,15,도희
70480,345459,15,쇼하
70576,345478,15,쬐커
70595,345484,15,퇴쿠
70617,345490,15,퇴써
70704,345510,15,꾸누
70738,345519,15,더쒸
70749,345521,15,떼홰
70764,345523,15,으리
70823,345536,15,쥐퇘
70887,345553,15,크롸
70897,345555,15,몌뤼
70909,345559,15,뉘쌔
70940,345567,15,희뒈
70950,345569,15,쐬효
71015,345588,15,스느
71036,345592,14,꿰춰
71052,345595,14,뤼껴
71072,345599,14,띄계
71078,345600,14,프꾀
71126,345609,14,써꿰
71138,345613,14,표씌
71146,345616,14,탸유
71262,345640,14,꾀너
71308,345649,14,프뫄
71318,345652,14,뭐퓨
71337,345656,14,뾰뷰
71368,345662,14,붜째
71429,345670,14,워랴
71450,345673,14,궤쇠
71514,345683,14,떠포
71523,345686,14,숴뫼
71567,345694,14,끄퉤
71614,345703,14,쩨쬐
71617,345704,14,줴뾔
71642,345710,14,쒸뿌
71660,345714,14,쏴가
71699,345721,14,쾌댜
71747,345731,14,샤쒜
71751,345732,14,해뤼
71795,345741,14,졔커
71821,345746,14,되쿼
71830,345749,14,둬가
71863,345755,14,여봬
71900,345763,14,쓰붜
71946,345771,14,싸모
71964,345773,14,여틔
71992,345780,14,뙈으
71993,345780,14,러쑤
72001,345781,14,료됴
72042,345788,14,차퇴
72053,345791,14,쯔표
72057,345792,14,하폐
72061,345792,14,뾰과
72131,345805,14,궈캬
72157,345810,14,보태
72164,345812,14,췌챠
72189,345816,14,례줘
72199,345817,14,표퀴
72213,345819,14,째붜
72239,345823,14,뮈카
72242,345825,14,뀨치
72278,345832,14,찌뵈
72322,345841,13,서뚜
72323,345842,13,애와
72331,345844,13,퉤붜
72345,345848,13,따꽤
72353,345850,13,뙤느
72365,345852,13,뻐눼
72394,345860,13,놔랴
72471,345874,13,뺘뷔
72511,345879,13,텨쁘
72606,345899,13,조푀
72607,345899,13,캐츄
72615,345901,13,워꿰
72710,345917,13,화쉐
72806,345934,13,저봬
72826,345938,13,퀘꾸
72838,345940,13,례뷔
72871,345946,13,되눼
72888,345949,13,스갸
72908,345952,13,눠쿼
72977,345964,13,녀퓌
73005,345969,13,늬촤
73022,345975,13,뛔배
73034,345977,13,뀌대
73051,345979,13,쥐모
73054,345980,13,톄쉐
73071,345983,13,뇨꾸
73103,345989,13,셔솨
73113,345991,13,꾀푸
73162,346002,13,쐐쭤
73168,346003,13,녜놔
73176,346004,13,뙈꾜
73216,346011,13,폐니
73263,346018,13,쿠띄
73385,346040,13,므려
73435,346050,13,쨔돠
73462,346053,13,되처
73474,346056,13,취료
73532,346067,13,무쬐
73641,346087,13,몌수
73662,346092,13,좌휘
73691,346098,13,쒀카
73732,346105,13,허워
73753,346109,13,케녜
73754,346109,13,즈쥬
73801,346118,13,췌마
73831,346124,13,사캬
73935,346140,13,와의
73954,346146,13,롸드
73972,346149,13,시러
73989,346153,13,뾔쩨
74004,346155,13,쉬쭤
74056,346163,13,뫄떠
74194,346190,13,퀴휘
74200,346191,13,톼뾰
74234,346200,13,궤뒤
74335,346216,13,쇄볘
74348,346218,13,촤쟤
74529,346247,13,뀌비
74533,346247,13,쭤부
74604,346260,12,듀꼐
74610,346263,12,야뤄
74628,346266,12,띄째
74763,346286,12,패뛔
74764,346286,12,큐뚜
74783,346289,12,쁘터
74793,346292,12,뇌숴
74836,346300,12,뇌퇴
74865,346304,12,내부
74892,346311,12,개눼
74898,346313,12,뱌라
74906,346315,12,쐐뒈
74908,346315,12,죄데
74915,346316,12,뙈교
74919,346318,12,째뭬
74966,346328,12,뾔꺼
74969,346328,12,너쮸
75002,346337,12,쿄퍄
75075,346351,12,따므
75096,346355,12,꺼웨
75166,346367,12,뙤씨
75206,346374,12,세늬
75274,346387,12,퇴쿼
75342,346398,12,의셰
75377,346406,12,져좌
75467,346421,12,냐비
75474,346421,12,놔퍼
75477,346422,12,샤코
75520,346427,12,듸최
75699,346450,12,캬퀘
75735,346456,12,눼아
75756,346459,12,뾔께
75772,346462,12,혜퇴
75791,346466,12,쿼걔
75823,346471,12,퍼둬
75842,346475,12,녀쬐
75866,346480,12,디퀴
75945,346495,12,쫘껴
75949,346496,12,샤뙈
76031,346510,12,께쟤
76054,346512,12,으초
76055,346513,12,껴르
76060,346513,12,조퓌
76126,346527,12,꿔셰
76183,346536,12,뉴쐐
76189,346536,12,웨쒜
76209,346540,12,쒜싸
76224,346542,12,따뾔
76225,346542,12,카쒜
76226,346543,12,챠져
76248,346546,12,꿔퍄
76287,346553,12,뤄홰
76426,346580,12,쒸얘
76444,346583,12,과께
76487,346591,12,효꼐
76512,346595,12,켜펴
76560,346604,12,되똬
76615,346611,12,먀뙤
76685,346624,12,쒜왜
76703,346627,12,깨푀
76724,346630,12,려효
76727,346631,12,히괴
76758,346636,12,꼐꾜
76820,346647,12,쟈똬
76838,346651,12,워휴
76891,346660,12,띄피
76919,346665,12,뼈쳬
76927,346666,12,스괘
76960,346672,12,례흐
77106,346703,11,탸뫼
77123,346706,11,죠뾔
77145,346710,11,계먀
77149,346711,11,쫘왜
77281,346731,11,쐬뗘
77555,346779,11,트쿼
77579,346783,11,퓨흐
77607,346787,11,꺄머
77613,346788,11,펴꾜
77684,346803,11,뾔췌
77753,346815,11,희와
77772,346818,11,뇨붸
77792,346822,11,유뻬
77850,346828,11,혜회
77914,346836,11,휴쬐
77937,346838,11,새숴
77982,346843,11,루외
78019,346849,11,뮤규
78028,346850,11,쭤찌
78038,346853,11,췌재
78063,346857,11,꽤호
78097,346862,11,교레
78100,346863,11,촤깨
78185,346878,11,챠뀌
78270,346892,11,쒜뷔
78305,346899,11,켜채
78308,346900,11,띠꼐
78328,346904,11,뮈시
78344,346906,11,퀘켸
78352,346907,11,줴시
78374,346910,11,쎄재
78406,346914,11,퐈쀼
78484,346930,11,괘디
78506,346934,11,워듀
78514,346935,11,쟤효
78648,346955,11,그꾜
78650,346955,11,뽀뙈
78679,346960,11,뾔코
78721,346967,11,깨초
78830,346986,11,쑈어
78832,346986,11,쇠꾜
78846,346988,11,둬브
78857,346989,11,히의
78914,346998,11,츠뤠
78974,347003,11,갸처
78996,347006,11,거꼬
78997,347006,11,쒜제
79014,347009,11,푸뮈
79133,347031,11,나며
79169,347039,11,벼왜
79250,347051,11,쫴왜
79251,347051,11,켸애
79295,347058,11,쳬죠
79296,347059,11,쥐돠
79344,347068,11,저휴
79388,347076,11,찌왜
79427,347084,11,쭈좌
79433,347085,11,찌홰
79462,347091,11,표게
79489,347096,11,촤끄
79502,347098,11,퐈츄
79504,347098,11,게기
79518,347100,11,퐈춰
79536,347103,11,의뵈
79560,347106,11,머씌
79632,347117,11,쬐키
79656,347120,11,뭐써
79664,347122,11,채와
79699,347126,11,뱌쁘
79711,347128,11,쉬계
79792,347141,11,쳬춰
79837,347149,11,봐뒤
79839,347150,11,뻐꼐
79870,347155,11,쀼뢰
79964,347170,11,휘패
79966,347170,11,뛔띄
79978,347173,11,로뎨
79990,347174,11,뤠괘
80040,347180,11,뵤커
80235,347202,11,쥐쿼
80299,347209,11,쥐사
80317,347213,11,쳐꾜
80373,347222,11,즈휴
80375,347222,11,톼와
80425,347230,11,카녜
80452,347236,11,퐈까
80453,347236,11,쫘노
80551,347252,11,촤됴
80607,347263,11,처톼
80611,347264,11,띠꽤
80619,347265,11,페꾀
80681,347274,11,퇴졔
80734,347281,11,줴귀
80751,347283,11,쥐수
80754,347284,11,므롸
80755,347284,11,휴매
80849,347291,11,시슈
80870,347293,11,묘뱌
80880,347294,11,머퇘
80899,347295,11,피쑤
80908,347297,11,쪼꺄
80970,347305,11,례투
81084,347317,11,쭤쑈
81102,347319,11,취볘
81165,347326,11,가쬐
81198,347330,11,쭤쇄
81220,347330,11,커되
81323,347343,11,보봐
81387,347351,11,바짜
81418,347356,11,뎨체
81474,347363,11,리큐
81481,347364,11,계뤠
81504,347366,11,뵤긔
81635,347381,11,뵈허
81649,347384,11,휘눠
81670,347387,11,삐띠
81743,347397,11,뗘홰
81751,347398,11,똬쉬
81769,347401,11,뒈쑤
81786,347403,11,봐자
81812,347404,11,느쉐
81816,347405,11,똬꼬
81820,347405,11,퓌껴
81908,347416,11,랴최
82070,347438,11,매뛔
82073,347438,11,뻐좌
82103,347441,11,료바
82118,347443,11,어쿼
82151,347447,11,둬그
82303,347467,11,허퀴
82315,347468,11,죠봬
82324,347469,11,쥐뇌
82344,347472,11,쳬쏴
82419,347481,11,투켸
82431,347482,11,뭐위
82453,347487,10,후구
82465,347491,10,희히
82484,347493,10,배켸
82492,347494,10,췌뾰
82515,347498,10,듀춰
82554,347505,10,쥬태
82559,347506,10,예톄
82567,347507,10,꿔되
82618,347513,10,쏘쿄
82655,347520,10,쇼삐
82682,347524,10,뀨네
82771,347538,10,례떼
82805,347542,10,퉤훼
82962,347563,10,례쩌
82989,347565,10,켸떠
83029,347569,10,꽈구
83031,347569,10,삐사
83063,347572,10,허톼
83077,347573,10,쉐췌
83083,347574,10,뒤너
83094,347575,10,태프
83110,347577,10,퉈줴
83133,347580,10,겨크
83158,347582,10,례볘
83169,347583,10,쟈스
83187,347584,10,데죄
83193,347585,10,류쥐
83219,347587,10,서쳐
83264,347594,10,나롸
83266,347595,10,싸퉤
83286,347598,10,러해
83381,347614,10,휘투
83398,347617,10,째똬
83410,347620,10,쇼쪄
83468,347629,10,초최
83482,347632,10,쁘또
83483,347632,10,그티
83486,347633,10,헤쾌
83509,347638,10,째티
83565,347649,10,쎄붜
83571,347650,10,쩨몌
83614,347655,10,훼노
83649,347661,10,뻬메
83683,347667,10,훼싸
83795,347691,10,매기
83863,347702,10,촤숴
83895,347707,10,뇌도
83904,347709,10,쫘가
83906,347709,10,와삐
83990,347721,10,셰뮈
84074,347732,10,프퀘
84104,347735,10,줴래
84137,347741,10,뷔춰
84196,347747,10,콰로
84229,347752,10,죄뼈
84302,347761,10,빼쩨
84321,347763,10,쇄훠
84407,347775,10,혜켜
84437,347778,10,쫘뒤
84474,347784,10,뙤혜
84517,347790,10,눼두
84596,347802,10,쇠캐
84641,347809,10,져셰
84645,347809,10,여먀
84667,347813,10,째훼
84707,347819,10,래제
84713,347820,10,풔초
84754,347826,10,꾀내
84767,347828,10,수꼐
84801,347832,10,리최
84874,347845,10,디꺄
84896,347850,10,촤캐
84913,347854,10,효쑤
84966,347866,10,훼바
84968,347867,10,괘쮜
84983,347871,10,뾔쫴
84985,347871,10,슈께
84987,347873,10,걔토
84998,347875,10,위휘
85050,347890,10,콰지
85060,347891,10,뤠외
85063,347892,10,때퓌
85068,347893,10,버텨
85070,347893,10,좌피
85083,347901,10,의취
85188,347932,10,꿔뚜
85194,347935,10,뜨퉤
85200,347935,10,요츄
85214,347938,10,퇴톄
85224,347939,10,개꽈
85245,347942,10,갸휴
85254,347945,10,끄미
85279,347948,10,여너
85294,347950,10,크자
85315,347953,10,토녀
85354,347958,10,훼서
85360,347959,10,토애
85399,347964,10,유뫼
85443,347969,10,류훠
85462,347971,10,햐얘
85475,347973,10,뭐티
85481,347974,10,터풔
85492,347976,10,늬씨
85512,347979,10,뉘추
85549,347983,10,놔뎨
85553,347984,10,누쑤
85603,347990,10,쐐퀘
85604,347990,10,허퇴
85625,347993,10,려토
85650,347997,10,뾰쳬
85670,348000,10,흐처
85744,348011,10,뜨띄
85770,348015,10,뙤태
85852,348025,10,뗘볘
85872,348028,10,추려
85892,348030,10,쟤게
85966,348043,10,머뗘
85973,348044,10,보퍼
86013,348051,10,효슈
86029,348053,10,녜희
86039,348054,10,뤠퓨
86059,348057,10,뎌과
86068,348059,10,삐표
86118,348065,10,쪼쟤
86131,348066,10,어포
86220,348078,10,뎌얘
86222,348079,10,걔츄
86247,348083,10,교기
86294,348091,10,쨔우
86340,348100,10,의줘
86366,348104,10,써쭈
86397,348110,10,베내
86404,348111,10,노휴
86410,348112,10,솨취
86428,348114,10,돠몌
86477,348121,10,눠시
86485,348122,10,치뤄
86499,348124,10,뮈튜
86607,348137,10,재랴
86630,348139,10,뎨씌
86670,348147,10,재퇘
86676,348148,10,째요
86686,348148,10,꿔깨
86693,348150,10,돠셔
86702,348151,10,뾰뙤
86731,348155,10,퇘뾰
86819,348166,10,효쐬
86839,348169,10,슈빠
86870,348175,10,오퐈
86881,348176,10,치쒸
86887,348177,10,치쒀
86992,348194,10,듸쥬
87004,348195,10,꾜퇘
87031,348198,10,쏘깨
87035,348198,10,쮸머
87041,348198,10,뻬쇄
87070,348203,10,혀류
87084,348204,10,가꼐
87090,348205,10,다새
87117,348209,10,쀼봬
87127,348209,10,어위
87153,348214,10,쎄귀
87172,348217,10,쑤뱌
87193,348220,10,뤄소
87214,348222,10,표댜
87237,348225,10,쯔풔
87282,348232,10,쩌뚜
87291,348233,10,꺼거
87308,348235,10,띄태
87339,348241,10,빠탸
87349,348243,10,찌뎌
87360,348245,10,트뀨
87381,348249,10,가펴
87498,348265,10,네제
87501,348265,10,다짜
87523,348269,10,껴류
87530,348270,10,구쓰
87534,348271,10,메희
87594,348281,10,꺼셰
87685,348297,10,토페
87686,348297,10,붸예
87707,348300,10,끄쐐
87724,348302,10,퓨좌
87741,348305,10,꿔괴
87761,348308,10,까텨
87766,348309,10,자튜
87771,348312,10,주쿼
87791,348314,10,좌뛰
87874,348323,10,쳬꽈
88115,348357,10,쐬개
88164,348365,10,쎄섀
88167,348366,10,퓌처
88169,348366,10,쌔래
88236,348376,10,표포
88279,348383,10,고아
88310,348388,10,궤폐
88335,348391,10,먀퐈
88339,348392,10,소뇨
88351,348392,10,째숴
88365,348394,10,캐쿄
88368,348395,10,디뾔
88369,348395,10,챠머
88399,348400,10,후째
88414,348405,10,뻐씨
88419,348406,10,쑈료
88471,348412,10,태셰
88488,348414,10,쉬과
88609,348430,10,눠져
88632,348434,10,해쫘
88633,348434,10,쿄줘
88649,348436,10,그히
88684,348441,10,에겨
88764,348454,10,으끄
88790,348458,10,싸뽀
88796,348459,10,쉬텨
88929,348480,10,이버
88955,348485,10,세뇌
89023,348496,10,와투
89033,348497,10,어캐
89036,348498,10,뮤푸
89040,348498,10,뭐쁘
89054,348501,10,바가
89090,348506,10,꾜쬐
89125,348511,10,뱌쇠
89142,348514,10,씌녜
89156,348516,10,죠꿰
89209,348523,10,쳐투
89221,348524,10,쉬긔
89232,348525,10,뛔갸
89233,348525,10,빠쇠
89241,348526,10,푀줘
89252,348528,10,포으
89271,348530,10,뉴쏘
89302,348535,10,왜햐
89305,348535,10,류메
89317,348537,10,뻬더
89328,348538,10,때대
89336,348539,10,초무
89369,348544,10,둬시
89372,348544,10,외뜨
89508,348562,10,찌졔
89520,348563,10,둬괘
89549,348566,10,끄튜
89564,348567,10,뢰째
89567,348568,10,티훼
89599,348571,10,쪼뱌
89611,348572,10,워똬
89644,348576,10,뫄뚜
89648,348576,10,흐샤
89694,348582,10,꼬퀘
89700,348583,10,뙤쒸
89833,348600,10,쥬초
89874,348605,10,누게
89907,348611,10,늬규
89915,348612,10,에긔
89961,348619,10,녀래
89973,348620,10,쫘쳐
89976,348621,10,톼수
90160,348645,10,뒤효
90179,348647,10,듀개
90186,348648,10,퉤퍼
90187,348649,10,꺼버
90189,348649,10,얘으
90195,348650,10,초쉬
90201,348652,10,고훠
90205,348652,10,시께
90226,348656,10,뇨소
90236,348657,10,쟈쏴
90247,348659,10,졔쭈
90260,348661,10,졔너
90275,348663,10,트우
90317,348669,10,톄표
90340,348672,10,튜포
90372,348676,10,세켜
90388,348678,10,늬뫼
90390,348679,10,시쪄
90437,348685,10,싸걔
90469,348691,10,묘게
90487,348693,10,햐쐐
90499,348694,10,괘거
90516,348696,10,므뮤
90521,348696,10,사켸
90528,348697,10,가햐
90543,348699,10,도캐
90565,348700,10,쭤꼬
90593,348703,10,차회
90602,348704,10,쌔머
90606,348705,10,유파
90624,348708,10,샤피
90629,348708,10,네표
90644,348709,10,뤄쌔
90665,348712,10,쵸베
90734,348721,10,뜨샤
90773,348726,10,뵈려
90786,348727,10,꼬튀
90857,348732,10,쵸새
90888,348734,10,미쳬
90925,348738,10,몌포
90940,348739,10,튀섀
90969,348742,10,몌쁘
90981,348743,10,쑈쿼
90989,348744,10,또뤄
90994,348744,10,티췌
91133,348756,10,봐놔
91147,348758,10,터갸
91150,348758,10,계끼
91155,348758,10,섀쪄
91216,348764,10,툐쬐
91231,348766,10,구꽈
91251,348768,10,머텨
91294,348771,10,조샤
91333,348774,10,쟈돠
91350,348776,10,챠솨
91352,348776,10,죠훼
91394,348780,10,고쉐
91427,348784,10,쪄해
91489,348789,10,걔겨
91532,348794,10,죠휘
91542,348795,10,되뻐
91565,348798,10,려뽀
91579,348799,10,됴뷔
91627,348803,10,듸터
91729,348812,10,스뚜
91755,348814,10,뮤재
91770,348816,10,놔꼬
91815,348819,10,솨훼
91893,348827,10,펴뱌
91899,348827,10,해배
91949,348831,10,뿌됴
91951,348832,10,쪼슈
92007,348838,10,퍼봐
92020,348839,10,퐈튀
92031,348840,10,띄쪼
92044,348841,10,최퇘
92079,348844,10,즈풔
92138,348849,10,사퀴
92194,348854,10,패쇼
92215,348856,10,둬퍄
92237,348859,10,솨료
92284,348863,10,뱌제
92288,348864,10,쮜태
92300,348865,10,빠츄
92462,348880,10,샤뒈
92519,348885,10,후뒈
92611,348895,10,쳬대
92647,348898,10,뉘소
92658,348898,10,하과
92714,348904,10,붸피
92720,348904,10,르뒤
92766,348908,10,코케
92789,348910,10,퓌튀
92809,348913,10,볘캬
92854,348917,10,돠뤼
92886,348920,10,꿔례
92921,348923,10,르쾌
92935,348925,10,씌퇘
92953,348927,10,브래
92973,348930,10,노쿄
92979,348931,10,뵤므
93003,348933,10,춰의
93024,348935,10,느가
93035,348936,10,벼재
93104,348946,10,가뾔
93116,348947,10,께위
93123,348948,10,에례
93132,348949,10,흐유
93145,348951,10,궈뉴
93180,348954,10,죠줘
93214,348958,10,브에
93236,348960,10,뭐조
93260,348962,10,셔토
93329,348970,10,개느
93332,348970,10,먀띄
93344,348972,10,퇘쒸
93351,348972,10,죠으
93387,348977,10,세싸
93410,348979,10,부듀
93429,348981,10,허자
93433,348981,10,조고
93442,348982,10,메터
93455,348984,10,붜최
93462,348984,10,봐메
93485,348987,10,여퇴
93501,348989,10,돠꺄
93538,348995,10,패쉬
93552,348997,10,차걔
93554,348997,10,훼다
93580,348999,10,떠히
93589,349000,10,꿰뇨
93603,349003,10,또죠
93627,349006,10,써취
93633,349007,10,채쑈
93651,349008,10,쑤베
93664,349010,10,쪼파
93665,349011,10,나계
93670,349012,10,때씨
93675,349012,10,세봐
93682,349013,10,뺘쵸
93702,349016,10,메줘
93711,349017,10,배줘
93746,349020,10,녀고
93797,349025,10,거겨
93806,349026,10,래애
93820,349029,10,니댜
93829,349029,10,벼매
93844,349032,10,퍄으
93885,349038,10,노퇴
93888,349038,10,조혜
93895,349039,10,쟤니
93896,349039,10,거해
93903,349040,10,베처
93904,349040,10,죠하
93930,349042,10,혀베
93936,349042,10,뇌쟈
93944,349044,10,스뼈
93971,349046,10,뗘끄
93996,349049,10,뎌계
94010,349051,10,쿼홰
94048,349055,10,례걔
94050,349055,10,부줘
94058,349056,10,뀨쒜
94094,349060,10,튀뚜
94143,349066,10,쟈쏘
94155,349068,10,태쥐
94177,349072,10,꼐비
94189,349074,10,해메
94209,349076,10,머사
94223,349077,10,쿠뻐
94232,349078,10,기캬
94263,349082,10,추하
94276,349083,10,의쥬
94288,349085,10,져홰
94298,349086,10,얘섀
94308,349088,10,시뀌
94317,349089,10,퓨부
94324,349090,10,캐체
94372,349095,10,쭤쌔
94392,349098,10,초쓰
94408,349100,10,똬쒀
94417,349101,10,쁘듸
94423,349102,10,버계
94424,349102,10,쓰루
94469,349108,10,히추
94480,349108,10,스허
94487,349109,10,표얘
94507,349113,10,터레
94512,349114,10,쳐시
94547,349119,10,괴퇴
94550,349119,10,규가
94564,349121,10,메먀
94590,349124,10,누빠
94591,349125,10,애뜨
94595,349125,10,애테
94598,349125,10,쇼처
94600,349125,10,마례
94609,349126,10,벼어
94620,349127,10,퍼져
94629,349129,10,워게
94657,349133,10,괘괘
94662,349134,10,늬뷔
94674,349135,10,츠쓰
94683,349136,10,띠뇨
94692,349137,10,쑈에
94753,349145,10,허더
94770,349146,10,느해
94788,349148,10,또트
94794,349149,10,치거
94796,349149,10,케부
94806,349150,10,수펴
94817,349151,10,브워
94868,349160,10,뿌듸
94893,349162,10,느보
94907,349164,10,띠쟤
94908,349164,10,쓰가
94914,349165,10,베후
94940,349167,10,캐태
94953,349169,10,디거
94959,349170,10,게조
94960,349170,10,체허
94971,349172,10,태외
94978,349173,10,캐매
95057,349180,10,후여
95065,349181,10,리쮜
95164,349194,10,냐겨
95181,349198,10,무오
95215,349201,10,내뢰
95218,349202,10,디류
95222,349202,10,뫄레
95228,349203,10,체두
95230,349203,10,떠붜
95254,349205,10,쩌무
95306,349215,10,매뷔
95312,349216,10,키토
95316,349217,10,게노
95353,349222,10,브푀
95366,349224,10,휘녜
95403,349228,10,쁘슈
95404,349228,10,쏘며
95409,349229,10,드끄
95418,349231,10,뻬내
95442,349236,10,뉘투
95465,349240,10,되또
95508,349247,10,퓌얘
95552,349258,10,추웨
95654,349284,10,내뱌
95679,349287,10,로터
95688,349288,10,쒸예
95705,349290,10,내베
95717,349291,10,귀트
95719,349291,10,섀파
95725,349291,10,트투
95726,349291,10,수튜
95730,349291,10,토빠
95741,349292,10,새댜
95767,349294,10,저텨
95814,349299,10,트희
95836,349301,10,째느
95847,349302,10,웨머
95860,349304,10,쨔쳬
95893,349307,10,뽀저
95901,349307,10,피머
95904,349307,10,프빼
95916,349309,10,늬이
95920,349309,10,료브
95931,349309,10,먀에
95933,349310,10,보뚜
95970,349313,10,쥬끼
95977,349313,10,봐나
95982,349314,10,자외
96006,349315,10,휴치
96007,349316,10,흐쪼
96008,349316,10,꼬처
96026,349316,10,어까
96032,349316,10,끼새
96048,349317,10,째비
96075,349317,10,냐타
96088,349318,10,뻐버
96104,349319,10,셰줘
96130,349322,10,띄례
96154,349325,10,회돼
96227,349333,10,끼쟤
96358,349348,10,모회
96419,349356,10,걔다
96473,349360,10,캬티
96474,349360,10,러에
96496,349362,10,줘얘
96499,349362,10,흐워
96534,349366,10,워혜
96547,349368,10,웨쑈
96570,349371,10,머계
96641,349379,10,퉈떠
96654,349380,10,꾸네
96675,349383,10,춰벼
96697,349385,10,췌쫴
96777,349392,10,쇼끄
96787,349393,10,캬하
96796,349394,10,쨔가
96815,349395,10,묘쏘
96848,349398,10,쵸데
96851,349398,10,씌처
96855,349399,10,괘배
96864,349400,10,세뛰
96867,349400,10,과쁘
96892,349403,10,녀까
96967,349411,10,께소
97015,349416,10,쐐졔
97023,349417,10,소뾰
97030,349418,10,저패
97091,349424,10,뉴써
97096,349424,10,쩨끼
97121,349427,10,떼느
97131,349428,10,랴녜
97143,349429,10,태얘
97153,349430,10,쓰뭐
97165,349431,10,늬쩨
97202,349435,10,쑤개
97262,349441,10,쬐노
97284,349443,10,뵈주
97288,349444,10,뉘쑈
97359,349450,10,보뢰
97468,349463,10,퇘뷰
97482,349464,10,쉐뻬
97487,349464,10,쟤고
97523,349468,10,왜뤄
97588,349475,10,뫄쒜
97665,349483,10,째슈
97675,349484,10,크혀
97732,349491,10,쫴쐐
97805,349501,10,례저
97889,349510,10,듸몌
97942,349515,10,쬐휘
98025,349524,10,쐐퓨
98039,349525,10,추투
98080,349529,10,티쟈
98114,349533,10,롸큐
98132,349536,10,호버
98135,349536,10,좌숴
98157,349538,10,뺘훠
98177,349540,10,웨붜
98198,349542,10,솨쩨
98243,349546,10,꺼소
98252,349547,10,듀야
98271,349549,10,의드
98273,349549,10,도처
98286,349550,10,툐루
98309,349552,10,츄훠
98317,349554,10,퓌쏴
98320,349554,10,꺄뙈
98362,349559,10,세쮜
98368,349559,10,뫼시
98389,349561,10,씨괴
98395,349562,10,짜써
98397,349562,10,가뫼
98409,349563,10,토꺼
98464,349568,10,무뾰
98494,349571,10,뤄려
98505,349573,10,래예
98516,349574,10,내희
98550,349578,10,그깨
98557,349579,10,켸뜨
98561,349579,10,거가
98577,349581,10,뇌둬
98580,349581,10,페뉘
98605,349584,10,걔내
98645,349588,10,크시
98648,349589,10,과두
98649,349589,10,끼푸
98653,349589,10,쑤교
98665,349590,10,뫄뛔
98667,349590,10,쭈죄
98693,349593,10,회껴
98702,349595,10,디째
98715,349596,10,꼐가
98733,349598,10,괴퀴
98734,349598,10,교푀
98760,349603,10,쳬튜
98762,349603,10,뿌버
98785,349605,10,듀묘
98802,349606,10,쩨때
98839,349610,10,뷔휴
98989,349626,10,미너
99034,349629,10,혜푀
99077,349632,10,눼의
99111,349636,10,녜봐
99202,349647,10,채녀
99210,349648,10,꽈와
99212,349649,10,즈뚜
99215,349649,10,붜효
99235,349651,10,비퀴
99252,349653,10,부려
99260,349654,10,괘위
99298,349658,10,괴혀
99372,349664,10,쨔녜
99400,349667,10,카뎌
99434,349670,10,또뷔
99440,349670,10,프쪼
99442,349670,10,푸요
99447,349671,10,톄뀨
99458,349671,10,료혜
99474,349673,10,켸꾸
99491,349674,10,쏴쮸
99531,349679,10,죄퀴
99534,349679,10,쉬예
99558,349682,10,펴긔
99580,349685,10,도돠
99639,349691,10,비랴
99670,349695,10,뻐왜
99690,349697,10,걔꺼
99723,349700,10,푀큐
99730,349701,10,끄퐈
99799,349708,10,즈쭈
99812,349709,10,왜부
99817,349710,10,며태
99822,349710,10,테롸
99860,349716,10,흐제
99863,349716,10,꽤규
99869,349717,10,으뜨
99953,349725,10,게터
99964,349727,10,화머
99995,349730,10,페뼈
99996,349730,10,셔겨
100098,349740,10,햐츠
100169,349747,10,쒜캐
100205,349752,10,여꽈
100207,349752,10,테뿌
100236,349756,10,뤠로
100240,349756,10,코사
100274,349760,10,괴자
100303,349763,10,쎄쟈
100318,349764,10,죄테
100323,349764,10,끄료
100324,349764,10,푀몌
100325,349765,10,펴죄
100385,349769,10,보쭈
100390,349770,10,쥬궈
100454,349778,10,니뒤
100474,349780,10,히혀
100484,349781,10,바뮤
100536,349787,10,캬꾜
100573,349791,10,토고
100608,349795,10,줘빠
100609,349795,10,짜례
100681,349803,10,큐화
100691,349804,10,귀처
100694,349804,10,뿌퉈
100703,349805,10,셰아
100730,349807,10,폐쫴
100752,349810,10,헤예
100844,349819,10,휘쒀
100877,349822,10,요퉈
100896,349824,10,외궈
100916,349826,10,놔긔
100940,349828,10,대새
100950,349830,10,뉘씌
100962,349831,10,카얘
101007,349836,10,뙈왜
101037,349839,10,취듸
101038,349839,10,쿠꺼
101083,349843,10,졔그
101089,349844,10,눠셔
101116,349846,10,서쐐
101219,349856,10,츄져
101224,349856,10,개으
101256,349859,10,퓨카
101312,349866,10,뵤레
101361,349870,10,아톼
101362,349871,10,조띄
101408,349875,10,쉬좌
101439,349879,10,조개
101487,349884,10,무껴
101608,349896,10,취튀
101621,349898,10,훠쇄
101653,349901,10,춰야
101673,349903,10,눼어
101760,349912,10,우씌
101765,349912,10,툐메
101781,349915,10,마벼
101807,349917,10,써겨
101854,349922,10,쾌고
101861,349923,10,쿠즈
101863,349923,10,두뵈
101872,349924,10,체텨
101878,349925,10,탸교
101970,349934,10,묘톼
101979,349935,10,려드
101981,349935,10,퍄삐
102007,349937,10,꾜쿼
102037,349940,10,훼외
102039,349940,10,퍼루
102043,349940,10,꾜버
102065,349943,10,롸느
102096,349947,10,퀘쪼
102156,349954,10,의짜
102175,349956,10,햐쏴
102187,349957,10,캬과
102219,349959,10,쇼휴
102234,349961,10,폐네
102249,349962,10,수씌
102254,349962,10,규촤
102266,349963,10,뙤듸
102308,349967,10,춰퉈
102319,349968,10,갸퍼
102322,349968,10,노껴
102444,349980,10,래쪼
102471,349982,10,커쒀
102502,349985,10,쥐투
102510,349986,10,퉈뫼
102579,349996,10,흐벼
102641,350001,10,푸빼
102645,350002,10,줴쟈
102685,350005,10,회너
102781,350015,10,느셰
102831,350022,10,쏴댜
102851,350024,10,규누
102864,350026,10,훠녜
102871,350026,10,쌔솨
102920,350031,10,쿄쭤
102922,350031,10,쯔겨
102942,350033,10,퓌걔
102954,350034,10,드뎨
102990,350038,10,늬뵈
102998,350038,10,뵤쇠
103023,350041,10,뗘노
103028,350041,10,거훼
103087,350050,10,해뀌
103098,350051,10,돼셔
103176,350059,10,그솨
103241,350065,10,파꿔
103261,350067,10,터뺘
103270,350068,10,와러
103302,350072,10,퍼뀌
103320,350074,10,뼈뮈
103340,350076,10,아웨
103355,350078,10,따의
103406,350083,10,쭤쪄
103412,350084,10,켸째
103532,350095,10,싸톼
103543,350096,10,떼크
103544,350096,10,빠뻬
103572,350099,10,수퐈
103627,350106,10,뻐더
103637,350106,10,쟤우
103711,350114,10,키셰
103730,350116,10,퀴쓰
103831,350127,10,푸떼
103843,350128,10,터벼
103852,350129,10,짜폐
103857,350129,10,효테
103897,350133,10,워끼
103916,350135,10,퀴둬
103957,350139,10,괴뛰
103964,350140,10,르해
103971,350141,10,촤햐
104000,350144,10,좨데
104041,350148,10,퉈위
104058,350150,10,화꼬
104078,350152,10,뼈구
104133,350157,10,데꾀
104138,350158,10,졔시
104241,350171,10,띄묘
104248,350172,10,삐씌
104288,350176,10,헤나
104302,350177,10,챠꺄
104396,350187,10,똬뾰
104494,350197,10,튜개
104515,350200,10,큐쭤
104530,350202,10,머꽤
104547,350204,10,햐츄
104551,350204,10,츠퇴
104579,350208,10,꿔너
104586,350208,10,챠스
104604,350210,10,페치
104613,350211,10,피띠
104623,350212,10,며그
104630,350213,10,꿰쫘
104639,350214,10,푀뎌
104734,350222,10,좌화
104749,350222,10,애규
104786,350226,10,폐지
104908,350238,10,즈삐
104937,350243,10,새궤
104940,350243,10,쒸쥐
104969,350245,10,프쿄
104970,350245,10,쑤튜
105008,350249,10,찌버
105016,350249,10,셰자
105055,350254,10,꺄뫼
105071,350255,10,개틔
105075,350256,10,폐쐬
105108,350259,10,탸뻐
105136,350262,10,촤에
105141,350263,10,프뷰
105229,350275,10,데띠
105231,350275,10,유놔
105235,350275,10,띄켸
105244,350277,10,예뛰
105262,350278,10,벼케
105269,350279,10,최시
105359,350292,10,파퍄
105388,350295,10,와교
105559,350313,10,섀캐
105634,350319,10,추바
105679,350323,10,톼야
105701,350326,10,퉤쮜
105705,350326,10,췌쓰
105708,350326,10,뇌고
105710,350326,10,머졔
105724,350328,10,쉐께
105726,350328,10,꿰쭤
105737,350330,10,챠쇠
105751,350331,10,쭤때
105773,350333,10,눠겨
105777,350333,10,퓨떠
105796,350335,10,여쥐
105809,350337,10,재뵈
105817,350337,10,개쭤
105844,350341,10,누졔
105855,350342,10,뷔끄
105863,350342,10,똬치
105904,350347,10,싸츠
105915,350348,10,쇄뤄
105944,350351,10,쾨걔
105992,350355,10,퓌매
106008,350357,10,써롸
106025,350359,10,태뵤
106037,350360,10,폐저
106047,350362,10,캬씨
106052,350363,10,궈푀
106058,350363,10,헤이
106105,350370,10,가꽤
106125,350371,10,머료
106142,350373,10,가류
106146,350373,10,왜벼
106228,350385,10,취꼐
106259,350388,10,서려
106275,350389,10,줘게
106352,350397,10,짜푀
106373,350399,10,테눼
106383,350400,10,톼쬐
106453,350407,10,히끼
106486,350410,10,저댜
106501,350412,10,쾌수
106508,350413,10,세뵤
106520,350415,10,꼐브
106533,350416,10,푀소
106579,350421,10,따듸
106582,350421,10,쩨데
106585,350421,10,뿌위
106589,350422,10,콰루
106650,350428,10,쮜뙤
106666,350430,10,뵈뤠
106688,350432,10,메녀
106689,350432,10,쾌교
106697,350433,10,쇠쌔
106711,350434,10,묘뙈
106726,350436,10,쒀꽈
106745,350438,10,세쯔
106774,350441,10,껴둬
106777,350441,10,채메
106803,350443,10,다꾀
106827,350447,10,좨퀘
106844,350449,10,뺘쮸
106868,350451,10,꿔뇨
106882,350453,10,뀨듀
106945,350458,10,저노
107082,350473,10,퓌쳬
107142,350479,10,배레
107152,350479,10,뷰뇨
107202,350482,10,괴쇄
107246,350488,10,궤늬
107249,350488,10,쓰배
107272,350491,10,꿰빼
107273,350491,10,뷰뺘
107289,350493,10,교톼
107292,350493,10,쑈쒀
107334,350497,10,테뙤
107425,350505,10,조꾀
107427,350505,10,톄튜
107442,350507,10,튜쏴
107478,350510,10,효빼
107479,350510,10,해퍼
107481,350510,10,페뤠
107485,350510,10,보왜
107499,350510,10,워캐
107509,350511,10,쩨케
107512,350511,10,느뜨
107523,350511,10,저뜨
107542,350511,10,어퓌
107569,350512,10,으쨔
107597,350514,10,듸머
107610,350514,10,으줘
107622,350516,10,퓌쑤
107666,350522,10,홰다
107789,350539,10,붜짜
107808,350542,10,켸뒤
107819,350544,10,뛔뮤
107823,350544,10,꾸저
107903,350553,10,뛔표
107904,350553,10,드쿄
107960,350560,10,뾰휘
107989,350563,10,노꺼
107997,350564,10,쀼효
108024,350567,10,계혜
108056,350571,10,꼬돠
108060,350571,10,춰듸
108064,350572,10,귀세
108073,350572,10,꼐쳬
108091,350574,10,쇄쿼
108093,350574,10,디추
108098,350575,10,뀌후
108152,350580,10,쮜죄
108153,350580,10,헤기
108199,350585,10,줘휘
108207,350586,10,겨되
108232,350589,10,쐐붸
108236,350589,10,쎄쟤
108258,350591,10,쌔챠
108289,350594,10,뛰뛰
108405,350605,10,르래
108413,350606,10,데뺘
108422,350607,10,키쨔
108457,350611,10,워때
108458,350611,10,혀게
108461,350611,10,머쇼
108503,350615,10,후퇘
108520,350617,10,스쪄
108534,350618,10,뾰더
108570,350622,10,띠취
108572,350622,10,쒸포
108583,350623,10,뷰폐
108634,350628,10,너쫴
108640,350629,10,둬의
108764,350640,10,가기
108787,350643,10,지틔
108801,350644,10,아쇼
108855,350650,10,튀큐
108990,350664,10,뺘서
109002,350665,10,퍄오
109033,350668,10,페빼
109062,350671,10,세혜
109085,350674,10,께좌
109124,350678,10,쟈위
109147,350680,10,뾰떼
109171,350682,10,섀거
109213,350686,10,쟤주
109266,350691,10,챠뭬
109273,350692,10,홰쑈
109274,350692,10,하데
109300,350695,10,쩌쵸
109340,350699,10,눼뤠
109357,350701,10,티씌
109358,350701,10,어개
109361,350702,10,깨콰
109374,350703,10,쐬쪄
109383,350704,10,타시
109405,350707,10,도틔
109415,350708,10,꼬콰
109420,350708,10,꽤샤
109428,350709,10,짜뾔
109435,350710,10,쁘뻐
109436,350710,10,예바
109443,350710,10,혀튀
109455,350711,10,써허
109538,350720,10,야후
109545,350721,10,츠쿼
109605,350728,10,뺘누
109626,350728,10,레뀌
109641,350730,10,뱌갸
109648,350731,10,계페
109688,350736,10,쩌뀌
109712,350738,10,쑤뭐
109733,350740,10,붜녀
109757,350743,10,꺄툐
109770,350744,10,머듀
109772,350744,10,위좌
109790,350747,10,네뚜
109796,350747,10,챠봐
109804,350749,10,쯔솨
109863,350755,10,쎄녜
109873,350756,10,섀꺄
109900,350758,10,뷔쉐
109918,350760,10,홰쎄
109946,350763,10,캐카
109958,350764,10,우뀌
109973,350765,10,무러
110017,350771,10,뻐햐
110020,350771,10,꺼과
110047,350774,10,켜쏴
110094,350781,10,펴퀘
110116,350783,10,뾰쉬
110127,350784,10,쩌데
110231,350796,10,게뒤
110247,350798,10,긔미
110272,350800,10,께톼
110275,350800,10,테모
110318,350805,10,디뤼
110320,350806,10,워쟈
110351,350808,10,쳬쁘
110352,350808,10,죄그
110460,350820,10,춰히
110505,350825,10,묘홰
110513,350825,10,뷔뎌
110530,350827,10,커둬
110540,350828,10,똬돼
110616,350837,10,뭬뛰
110666,350843,10,되희
110675,350844,10,최댜
110693,350846,10,뤄좌
110792,350856,10,뻬홰
110818,350860,10,휘쉬
110843,350863,10,롸펴
110849,350863,10,디둬
110881,350867,10,둬갸
110888,350868,10,뇨쓰
110908,350870,10,쥐즈
110949,350875,10,뾰쇠
110980,350879,10,뎌섀
110988,350879,10,듸류
111046,350885,10,와씨
111079,350889,10,며규
111097,350890,10,퓨쭤
111125,350893,10,뀌뵤
111150,350897,10,르뱌
111172,350899,10,혀쟤
111273,350911,10,도제
111303,350914,10,머쇠
111350,350919,10,해카
111382,350922,10,뀌뤠
111400,350924,10,쿠삐
111402,350924,10,쯔꾜
111413,350926,10,퓌쐐
111451,350929,10,찌췌
111502,350935,10,쑈혜
111504,350935,10,쒀쉐
111557,350940,10,쩌류
111694,350954,10,취귀
111702,350955,10,쩨뉘
111708,350955,10,뚜춰
111719,350956,10,뷔쏘
111754,350959,10,쳐타
111795,350963,10,뢰료
111797,350963,10,지몌
111856,350970,10,포뭐
111858,350970,10,토느
111880,350973,10,뿌더
111886,350973,10,죠빼
111898,350974,10,뵈끄
111916,350975,10,툐따
111955,350978,10,쮸녀
111956,350978,10,취돠
111964,350979,10,좨꾸
112020,350985,10,류무
112024,350985,10,뎌긔
112041,350986,10,똬노
112129,350994,10,외푀
112133,350994,10,쑤허
112135,350994,10,며례
112184,351000,10,봬새
112193,351001,10,때캐
112210,351002,10,셔뇨
112226,351003,10,튀쉐
112244,351004,10,펴뜨
112260,351006,10,쫴띠
112275,351008,10,워헤
112325,351014,10,쏘노
112331,351014,10,쿼부
112335,351015,10,퀘뾔
112423,351024,10,트꺄
112426,351024,10,째퍄
112439,351025,10,니쨔
112440,351025,10,재캬
112460,351027,10,묘구
112476,351029,10,고걔
112500,351031,10,러휘
112543,351036,10,셔봬
112557,351037,10,과혀
112575,351044,10,홰뀌
112606,351048,10,뮤뤼
112613,351048,10,빠녜
112614,351048,10,버오
112650,351053,10,조쿠
112658,351055,10,료내
112660,351055,10,희버
112671,351055,10,취버
112712,351059,10,꺼보
112799,351070,10,녀혜
112916,351087,10,내고
112917,351087,10,꽈배
112936,351089,10,놔괴
112967,351091,10,니롸
113021,351098,10,톄뒤
113022,351098,10,모오
113028,351098,10,쪼토
113030,351099,10,게효
113049,351101,10,페체
113088,351106,10,유수
113120,351109,10,돠까
113147,351112,10,따끄
113176,351115,10,죄싸
113181,351115,10,쇄으
113187,351115,10,탸똬
113203,351116,10,뉴눠
113220,351117,10,싸띄
113232,351118,10,췌쩌
113234,351118,10,폐쯔
113241,351118,10,따꿰
113275,351122,10,졔하
113280,351124,10,라뫄
113295,351125,10,패폐
113332,351130,10,뵤퉈
113351,351132,10,뇌베
113352,351132,10,쾨춰
113362,351133,10,뙈께
113374,351134,10,시뺘
113409,351138,10,벼뗘
113417,351139,10,봬니
113449,351143,10,효줴
113494,351149,10,계돼
113500,351149,10,쇠뛰
113520,351151,10,폐주
113524,351151,10,히까
113530,351153,10,더줴
113759,351182,10,돼뇨
113782,351183,10,늬켜
113783,351183,10,왜펴
113799,351184,10,뭐스
113936,351196,10,꼐으
114002,351204,10,꺼배
114003,351204,10,갸개
114013,351204,10,귀쭈
114038,351205,10,허려
114049,351205,10,퓨또
114050,351205,10,뭐구
114056,351205,10,화하
114057,351205,10,뷰쩌
114075,351206,10,놔파
114127,351211,10,뎨다
114141,351213,10,루괘
114169,351216,10,와텨
114213,351223,10,과눼
114264,351228,10,터얘
114271,351229,10,히궈
114346,351241,10,투꿰
114421,351253,10,씨타
114480,351259,10,미휘
114500,351261,10,뒤개
114604,351274,10,쾨쐬
114673,351284,10,위뮤
114707,351288,10,씨됴
114737,351290,10,꾜듸
114785,351294,10,뎌뫄
114787,351295,10,봐되
114849,351306,10,먀긔
114873,351306,10,듸희
115027,351321,10,하봬
115043,351324,10,뫄희
115173,351340,10,니에
115194,351341,10,빼롸
115201,351342,10,틔눠
115250,351346,10,뎌촤
115251,351347,10,버례
115271,351348,10,쇄며
115278,351348,10,쾨꾸
115311,351352,10,쥬짜
115340,351354,10,쒸쿄
115414,351361,10,패깨
115425,351363,10,뒤꺄
115448,351367,10,솨펴
115450,351367,10,체몌
115451,351367,10,푸빠
115460,351368,10,쮸씌
115486,351371,10,쁘졔
115487,351371,10,눠솨
115547,351380,10,그쉬
115571,351383,10,외베
115606,351386,10,혜워
115610,351387,10,취씨
115630,351387,10,싸뮤
115652,351387,10,탸애
115668,351388,10,퀘이
115694,351389,10,터제
115714,351390,10,빼뤄
115760,351396,10,퀘묘
115762,351396,10,카뫄
115782,351398,10,쫴갸
115803,351400,10,싸쌔
115853,351404,10,쫘서
115979,351419,10,뾰최
116016,351424,10,쮜고
116190,351449,10,꺄페
116225,351451,10,괴더
116251,351453,10,롸뫄
116266,351454,10,바늬
116318,351461,10,느돼
116372,351469,10,춰뵈
116411,351474,10,뮈좌
116428,351475,10,재뵤
116470,351480,10,댜쇄
116475,351480,10,쐬하
116522,351485,10,호뺘
116526,351485,10,셰레
116527,351485,10,웨해
116538,351486,10,큐타
116540,351486,10,빠쉐
116579,351488,10,쑤뀨
116581,351488,10,뻐빠
116587,351488,10,저빼
116592,351488,10,추취
116599,351489,10,체됴
116628,351494,10,자뮈
116644,351496,10,류좨
116673,351500,10,쇠브
116749,351509,10,뇨쇼
116752,351509,10,뮤자
116773,351510,10,빠기
116798,351511,10,뮈미
116805,351512,10,쑤빼
116830,351514,10,퇴쐐
116875,351521,10,허랴
116897,351522,10,마튀
116942,351528,10,너랴
116947,351528,10,허쇠
116958,351529,10,캐구
116962,351529,10,조쇄
117020,351534,10,쳐쪄
117034,351537,10,뎌뻬
117090,351544,10,류깨
117094,351544,10,버쇼
117110,351544,10,규뢰
117113,351545,10,머째
117120,351545,10,더웨
117217,351554,10,뾰기
117273,351561,10,므뾔
117290,351563,10,슈케
117384,351574,10,쿄어
117386,351574,10,혀끼
117465,351583,10,눼애
117487,351585,10,탸와
117501,351587,10,코쎄
117517,351589,10,유투
117536,351591,10,뉘쫴
117555,351594,10,큐벼
117574,351596,10,쥐뮈
117576,351596,10,대에
117620,351601,10,외뫄
117622,351601,10,쵸외
117626,351601,10,좨뮈
117658,351605,10,페꼬
117687,351609,10,스퀘
117692,351609,10,틔묘
117705,351610,10,내츄
117710,351610,10,서휴
117715,351610,10,쁘쵸
117726,351610,10,쀼휴
117825,351625,10,뛔쑈
117831,351626,10,괘뙈
117858,351629,10,쒀허
117874,351631,10,꼬태
117911,351635,10,퉈퓌
117912,351635,10,의타
118016,351642,10,로꿰
118096,351653,10,꽤퍄
118106,351654,10,뙈쏘
118142,351658,10,쇄쏘
118159,351660,10,께좨
118171,351661,10,셰베
118205,351664,10,뱌크
118213,351664,10,쁘자
118239,351665,10,셔츄
118249,351665,10,코쥐
118275,351667,10,쟤의
118354,351673,10,촤죄
118448,351681,10,쬐랴
118460,351682,10,뾔뙈
118488,351685,10,루뤠
118513,351688,10,녀워
118583,351698,10,듸쒀
118611,351700,10,놔저
118613,351700,10,예랴
118618,351701,10,피깨
118743,351720,10,례뤄
118765,351724,10,촤켜
118870,351736,10,눠조
118880,351737,10,루휘
118892,351739,10,휴꿔
118971,351747,10,가퉤
118987,351749,10,계놔
119018,351750,10,새뻬
119068,351756,10,더쏴
119079,351758,10,쾨녜
119194,351769,10,튀과
119214,351771,10,대케
119222,351772,10,위퍄
119224,351772,10,프똬
119278,351777,10,후꾸
119327,351784,10,퓌퐈
119390,351792,10,됴두
119392,351792,10,좌차
119399,351793,10,쉐버
119407,351794,10,귀자
119428,351797,10,때쵸
119466,351801,10,쮜느
119562,351813,10,매마
119566,351814,10,켜궤
119605,351818,10,훼로
119678,351825,10,느재
119704,351828,10,뎨회
119741,351831,10,좌지
119790,351836,10,오왜
119818,351839,10,키처
119826,351840,10,쥬개
119833,351841,10,뇌쑈
119880,351847,10,궈괘
119908,351851,10,추서
119916,351852,10,벼뫄
119951,351855,10,뷰뙈
119952,351855,10,얘녜
119970,351858,10,껴쥬
119985,351859,10,쳐뛔
120027,351864,10,챠뼈
120039,351865,10,뭬겨
120040,351865,10,되티
120117,351872,10,몌좌
120136,351874,10,샤차
120137,351874,10,햐미
120139,351874,10,유몌
120140,351874,10,휴누
120173,351875,10,괴서
120178,351876,10,네햐
120183,351876,10,먀코
120188,351876,10,마뫼
120205,351878,10,유궈
120219,351879,10,뾔히
120233,351880,10,짜똬
120245,351880,10,프쓰
120259,351882,10,쫴끄
120300,351886,10,되쏘
120321,351890,10,태퇘
120394,351899,10,궤빠
120495,351908,10,껴조
120617,351915,10,녜퍼
120635,351917,10,회더
120669,351921,10,홰쇠
120689,351924,10,긔메
120732,351930,10,켜희
120828,351945,10,셔뎨
120836,351946,10,라쩌
120859,351948,10,니뽀
120910,351956,10,우와
120914,351956,10,교시
120920,351956,10,계댜
120926,351956,10,혀쩨
120932,351957,10,위괘
120933,351957,10,뻬꽈
120950,351958,10,츠떼
120953,351958,10,죄듸
120957,351958,10,췌외
120961,351958,10,쥐훠
120962,351958,10,뇨퇴
120963,351958,10,뱌걔
121070,351974,10,놔헤
121073,351974,10,체러
121077,351975,10,뎌숴
121113,351981,10,왜라
121120,351981,10,됴섀
121221,351988,10,왜표
121232,351989,10,홰머
121251,351991,10,디뙤
121252,351992,10,푸풔
121268,351994,10,붜메
121287,351996,10,뭬키
121296,351998,10,괘붸
121331,352004,10,며쌔
121342,352005,10,에자
121361,352006,10,늬궈
121373,352007,10,뇌나
121391,352009,10,쥐퓌
121475,352020,10,자회
121476,352020,10,촤후
121507,352024,10,저써
121520,352026,10,퍄쓰
121547,352028,10,겨똬
121561,352029,10,거쥬
121577,352029,10,해캬
121612,352032,10,피꾀
121625,352034,10,늬훠
121678,352042,10,꼐귀
121723,352045,10,고로
121732,352046,10,게따
121739,352047,10,쥬세
121752,352048,10,뵈퍼
121767,352050,10,즈씨
121775,352051,10,쐬퉈
121787,352052,10,좨쇄
121806,352053,10,뤼키
121849,352057,10,으쉐
121851,352057,10,디빼
121883,352061,10,쟤써
121886,352062,10,퐈비
121895,352063,10,그포
121916,352064,10,몌코
121924,352064,10,뒈게
121929,352065,10,긔주
121932,352065,10,쇼떼
121934,352065,10,께타
121972,352068,10,몌퀘
122052,352079,10,쬐케
122090,352084,10,뒈콰
122094,352084,10,눠웨
122111,352087,10,홰메
122135,352091,10,쮜따
122268,352103,10,씌피
122389,352116,10,홰타
122398,352117,10,쬐해
122406,352118,10,쬐크
122407,352118,10,쬐최
122416,352119,10,리띄
122451,352122,10,뾰튀
122465,352123,10,얘히
122516,352130,10,조체
122583,352142,10,꼐뵤
122612,352147,10,누뤄
122658,352150,10,꺄띠
122662,352151,10,뚜눠
122710,352156,10,댜뒈
122723,352158,10,체베
122734,352159,10,뀌좌
122788,352166,10,꼐씌
122800,352168,10,미례
122830,352170,10,혜해
122867,352173,10,타례
122870,352174,10,더꽤
122876,352174,10,냐째
122944,352180,10,새퓌
123030,352188,10,붸겨
123074,352193,10,와떼
123151,352200,10,가워
123186,352204,10,의뵤
123225,352207,10,똬뎌
123252,352211,10,리퉤
123286,352216,10,샤례
123287,352216,10,아쇠
123288,352216,10,채롸
123310,352219,10,퀴조
123321,352220,10,배패
123381,352228,10,볘괘
123438,352236,10,씌투
123442,352237,10,댜귀
123454,352238,10,쓰수
123463,352239,10,묘니
123485,352241,10,몌다
123506,352246,10,켜봬
123557,352252,10,쎄숴
123576,352254,10,치둬
123589,352256,10,프헤
123590,352256,10,루겨
123593,352256,10,쒀뇌
123610,352258,10,쭤퀴
123644,352261,10,쟈트
123650,352261,10,혜소
123664,352262,10,떼쒀
123669,352263,10,빠쒜
123706,352266,10,짜태
123778,352274,10,휘퇘
123802,352276,10,냐돼
123816,352277,10,오띄
123820,352278,10,규후
123828,352278,10,쪄째
123837,352279,10,며디
123838,352279,10,투최
123855,352281,10,뙤쩨
123924,352286,10,봐섀
123935,352287,10,랴늬
123954,352289,10,붜즈
123985,352293,10,셰쿄
124017,352298,10,꽤둬
124034,352300,10,뇌세
124074,352304,10,듸쪼
124110,352308,10,교꾀
124134,352310,10,퇘네
124142,352311,10,쳐퇴
124173,352314,10,쒸푀
124176,352315,10,퇴슈
124254,352323,10,트뉘
124307,352329,10,쳐뤠
124318,352330,10,쥬테
124320,352330,10,그퐈
124373,352337,10,뾔쵸
124385,352338,10,씨의
124388,352338,10,퀘토
124425,352342,10,슈뗘
124469,352347,10,테퐈
124563,352356,10,회셔
124635,352363,10,드쪄
124713,352371,10,세쿄
124744,352375,10,폐뱌
124793,352381,10,례츄
124795,352381,10,싸홰
124836,352385,10,회취
124840,352386,10,쇼쫘
124853,352387,10,똬꿔
124860,352387,10,도커
124895,352390,10,때늬
124947,352397,10,쇼슈
124949,352397,10,쯔와
124989,352400,10,솨게
124991,352401,10,타페
125096,352412,10,죠좌
125145,352416,10,태세
125178,352420,10,댜쾨
125199,352422,10,겨뺘
125221,352423,10,뫼떼
125225,352424,10,예크
125227,352424,10,홰쾌
125258,352428,10,지뤠
125304,352432,10,대뗘
125362,352438,10,퀘계
125382,352441,10,뾔호
125438,352448,10,주쇼
125450,352450,10,세호
125453,352450,10,워쫘
125460,352451,10,웨쒀
125472,352452,10,쪼니
125518,352456,10,쒸미
125531,352457,10,쏴붸
125546,352459,10,꽤나
125559,352460,10,부쒀
125575,352462,10,커씨
125590,352463,10,쑤거
125601,352464,10,휘꾜
125610,352464,10,과뉘
125668,352470,10,봬쏴
125669,352471,10,게러
125703,352474,10,씌쫴
125750,352479,10,회꾀
125756,352479,10,몌재
125759,352479,10,졔져
125904,352492,10,따뻐
125908,352492,10,회쉬
126027,352504,10,뮤뷔
126034,352505,10,쀼위
126045,352506,10,쉐깨
126049,352506,10,더따
126067,352507,10,봬개
126119,352513,10,좌서
126153,352517,10,풔화
126165,352518,10,초뻬
126190,352520,10,나싸
126234,352526,10,돠느
126281,352532,10,샤모
126352,352539,10,춰라
126391,352543,10,후되
126424,352546,10,뮤롸
126448,352548,10,퉤대
126462,352550,10,투데
126472,352551,10,풔돠
126499,352553,10,괘웨
126531,352557,10,쪄졔
126587,352563,10,겨뉴
126638,352567,10,네쎄
126731,352579,10,뵤꾸
126743,352580,10,즈셔
126776,352584,10,도랴
126777,352584,10,시겨
126822,352590,10,희브
126830,352590,10,녜러
126842,352591,10,꾀늬
126865,352594,10,게배
126876,352595,10,이텨
126885,352596,10,랴새
126957,352603,10,풔류
126975,352605,10,뽀궈
127000,352608,10,끼며
127064,352616,10,뼈툐
127087,352620,10,뉘뤼
127105,352622,10,주째
127110,352622,10,혜에
127154,352628,10,뵈쩌
127184,352632,10,혜튀
127185,352632,10,쨔왜
127190,352633,10,얘뾰
127196,352634,10,눼몌
127217,352636,10,모퓨
127224,352636,10,그채
127236,352638,10,퓨켜
127273,352642,10,류됴
127279,352643,10,쉬괴
127326,352648,10,키듸
127347,352649,10,쎄뙈
127351,352650,10,뒈뗘
127366,352652,10,이풔
127418,352658,10,캐쀼
127430,352659,10,프무
127440,352661,10,줘냐
127447,352662,10,챠궤
127470,352664,10,새혀
127471,352664,10,머소
127478,352664,10,되채
127499,352666,10,꾀으
127522,352670,10,페대
127613,352679,10,켸돠
127645,352681,10,톼퇴
127670,352684,10,뤼쵸
127686,352685,10,둬궤
127716,352688,10,쟈셰
127719,352688,10,대뿌
127722,352689,10,애개
127747,352691,10,쌔세
127758,352691,10,뫼싸
127784,352696,10,쪄톼
127831,352703,10,과챠
127853,352705,10,헤봐
127854,352705,10,귀뙤
127880,352708,10,히외
127934,352713,10,재쨔
127941,352714,10,쳬가
127953,352715,10,투뱌
127991,352719,10,머꺼
128006,352720,10,셔쐐
128035,352723,10,뙤뒈
128039,352723,10,떼해
128107,352729,10,미쿄
128144,352733,10,노튜
128151,352734,10,구수
128201,352739,10,숴트
128286,352748,10,쪄후
128322,352752,10,톼얘
128326,352752,10,퇴춰
128401,352759,10,훠됴
128411,352760,10,튀뮤
128464,352765,10,퇘허
128472,352766,10,뭬며
128474,352766,10,뷔뭐
128482,352767,10,샤웨
128514,352771,10,부쉐
128554,352776,10,긔뫄
128561,352777,10,네탸
128588,352779,10,겨효
128630,352783,10,줘펴
128658,352786,10,후꼐
128665,352786,10,좌퓌
128696,352790,10,떼쏘
128702,352790,10,펴조
128713,352792,10,푀이
128788,352798,10,탸꺄
128846,352804,10,라짜
128894,352808,10,이쫘
128958,352816,10,퀴카
128962,352816,10,틔우
128963,352816,10,째쑤
128990,352819,10,쟤촤
129016,352824,10,뷔뾰
129022,352824,10,쿼때
129065,352831,10,코쇄
129085,352833,10,까퍄
129125,352837,10,뾰떠
129164,352841,10,시씌
129167,352841,10,야머
129218,352845,10,까브
129302,352855,10,쓰죄
129328,352858,10,기취
129378,352864,10,츄되
129380,352864,10,지뒈
129419,352869,10,조최
129431,352870,10,챠뀨
129437,352871,10,뒈소
129451,352872,10,쪼돼
129492,352877,10,쐐뻬
129527,352881,10,되뽀
129561,352885,10,더톼
129634,352892,10,과니
129665,352895,10,쁘뇨
129728,352901,10,최숴
129737,352901,10,푸규
129739,352901,10,포쳬
129760,352903,10,토튜
129768,352904,10,머려
129789,352907,10,쥐스
129846,352914,10,띄쩌
129878,352918,10,퇘거
129893,352919,10,쨔죠
129910,352921,10,똬희
129969,352927,10,궤햐
129972,352927,10,뼈태
130010,352931,10,봬쀼
130050,352936,10,쫴네
130080,352938,10,새쪼
130098,352939,10,새펴
130109,352940,10,훼퉈
130111,352940,10,회솨
130124,352942,10,싸빠
130174,352947,10,쵸췌
130203,352951,10,다삐
130216,352952,10,꽈쟤
130235,352954,10,돼때
130251,352956,10,혀듀
130259,352956,10,혜쳬
130261,352956,10,떼긔
130298,352960,10,쾨레
130301,352961,10,뢰끄
130324,352963,10,르늬
130329,352963,10,베섀
130342,352966,10,차최
130353,352966,10,보봬
130375,352968,10,놔퇴
130398,352970,10,꺄코
130413,352971,10,쬐웨
130503,352982,10,료헤
130546,352988,10,베뼈
130557,352989,10,훠뉘
130576,352991,10,호쯔
130594,352994,10,와태
130596,352994,10,쉐수
130634,352998,10,푸캬
